код_аэропорта,название_аэропорта,город,страна
ABA,Абакан,Абакан,Россия
AUH,Абу-Даби,Абу-Даби,ОАЭ
SCO,Актау,Актау,Казахстан
ALG,Хуари Бумедиене,Алжир,Алжир
ALA,Алматы Интл.,Алматы,Казахстан
NSK,Алыкель,Норильск,Россия
AYT,Анталья,Анталья,Турция
CAN,Байюн Интл.,Гуанчжоу,Китай
CEK,Баландино,Челябинск,Россия
CMB,Бандаранайке Инт.,Коломбо,Шри-Ланка
SZX,Баоань Интл.,Шэньчжэнь,Китай
ULV,Баратаевка,Ульяновск,Россия
BAH,Бахрейн Интл.,Бахрейн,Бахрейн
NBC,Бегишево,Нижнекамск,Россия
OGZ,Беслан,Владикавказ,Россия
PES,Бесовец,Петрозаводск,Россия
TOF,Богашево,Томск,Россия
PEE,Большое Савино,Пермь,Россия
KQT,Бохтар Интл.,Бохтар,Таджикистан
BQT,Брест,Брест,Беларусь
BHK,Бухара Интл.,Бухара,Узбекистан
MLE,Велана Интернэйшнл,Мале,Мальдивы
VKO,Внуково,Москва,Россия
WOS,Вонсан,Вонсан,Северная Корея
GSV,Гагарин,Саратов,Россия
GDZ,Геленджик,Геленджик,Россия
GME,Гомель,Гомель,Беларусь
HKG,Гонконг Интл.,Гонконг,Гонконг
RGK,Горно-Алтайск,Горно-Алтайск,Россия
VOG,Гумрак,Волгоград,Россия
GNJ,Гянджа,Гянджа,Азербайджан
DLM,Даламан,Даламан,Турция
DAD,Дананг Интл.,Дананг,Вьетнам
PKX,Дасин Интл.,Пекин,Китай
URC,Дивопу Интл.,Урумчи,Китай
DME,Домодедово,Москва,Россия
DXB,Дубай Интл.,Дубай,ОАЭ
PKC,Елизово,Петропавловск-Камч.,Россия
ZIA,Жуковский,Жуковский,Россия
EVN,Звартноц Интл.,Ереван,Армения
BQS,Игнатьево,Благовещенск,Россия
IJK,Ижевск,Ижевск,Россия
GYD,Им. Гейдара Алиева,Баку,Азербайджан
IKA,Имам Хомеини Интл.,Тегеран,Иран
DEL,Индира Ганди Инт.,Дели,Индия
IKT,Иркутск,Иркутск,Россия
KBL,Кабул Интл.,Кабул,Афганистан
KZN,Казань,Казань,Россия
CAI,Каир Интл.,Каир,Египет
CXR,Камрань Интл.,Нячанг,Вьетнам
KEJ,Кемерово,Кемерово,Россия
JED,Кинг Абдулазиз Инт.,Джидда,Саудовская Аравия
RUH,Кинг Халид Интернэйшнл,Эр-Рияд,Саудовская Аравия
VVO,Кневичи,Владивосток,Россия
SVX,Кольцово,Екатеринбург,Россия
KSN,Костанай,Костанай,Казахстан
KJA,Красноярск,Красноярск,Россия
KUF,Курумоч,Самара,Россия
PEK,Кэпитал Интл.,Пекин,Китай
IGT,Магас,Магас,Россия
MQF,Магнитогорск,Магнитогорск,Россия
MZR,Мазар-И-Шариф,Мазари-Шариф,Афганистан
FRU,Манас Интл.,Бишкек,Кыргызстан
MCT,Маскат Интл.,Маскат,Оман
BJV,Милас,Бодрум,Турция
MRV,Минеральные Воды,Минеральные воды,Россия
MSQ,Минск Интл.,Минск,Беларусь
BAX,Михайловка,Барнаул,Россия
MVQ,Могилёв,Могилёв,Беларусь
GOX,Мопа Эйрпорт,Гоа,Индия
CMN,Мохаммед Пятый,Касабланка,Марокко
MMK,Мурманск,Мурманск,Россия
UUD,Мухино,Улан-Удэ,Россия
HAK,Мэйлань Интл.,Хайкоу,Китай
NAL,Нальчик,Нальчик,Россия
ASF,Нариманово,Астрахань,Россия
DPS,Нгурах Раи,Денпасар,Индонезия
NJC,Нижневартовск,Нижневартовск,Россия
BEG,Никола Теслa,Белград,Сербия
NOZ,Новокузнецк,Новокузнецк,Россия
KHV,Новый,Хабаровск,Россия
NUX,Новый Уренгой,Новый Уренгой,Россия
HAN,Нойбай Интл.,Ханой,Вьетнам
NQZ,Нурсултан Назарбаев,Астана,Казахстан
OSW,Орск,Орск,Россия
OSS,Ош,Ош,Кыргызстан
KRR,Пашковский,Краснодар,Россия
PEZ,Пенза,Пенза,Россия
KVX,Победилово,Киров,Россия
PVG,Пудун Интл.,Шанхай,Китай
LED,Пулково,Санкт-Петербург,Россия
HKT,Пхукет Интл.,Пхукет,Таиланд
TJM,Рощино,Тюмень,Россия
SAW,Сабиха Гокцен,Стамбул,Турция
SLY,Салехард,Салехард,Россия
SKD,Самарканд Интл.,Самарканд,Узбекистан
SKX,Саранск,Саранск,Россия
KGF,Сары-Арка,Караганда,Казахстан
GRV,Северный(Грозный),Грозный,Россия
SEZ,Сейшеллес Интл.,Маэ остров,Сейшельские Острова
XIY,Сианянг Интл.,Сиань,Китай
GDX,Сокол,Магадан,Россия
AER,Сочи,Сочи,Россия
IST,Стамбул,Стамбул,Турция
GOJ,Стригино,Нижний Новгород,Россия
BKK,Суварнамбхуми Интл.,Бангкок,Таиланд
FNJ,Сунан Интл.,Пхеньян,Северная Корея
SGC,Сургут,Сургут,Россия
SUI,Сухум Межд. им. В.Г.Ардзинба,Сухум,Россия
SCW,Сыктывкар,Сыктывкар,Россия
HGH,Сяошань Интл.,Ханчжоу,Китай
ARH,Талаги,Архангельск,Россия
SGN,Тан Сон Нхат Интл.,Хошимин,Вьетнам
SHE,Таосянь Интл.,Шеньян,Китай
TAS,Ташкент Интл.,Ташкент,Узбекистан
TBS,Тбилиси Интл.,Тбилиси,Грузия
WUH,Тианьхэ Интл.,Ухань,Китай
OVB,Толмачёво,Новосибирск,Россия
TFU,Тяньфу Интернэйшнл,Чэнду,Китай
DYR,Угольный,Анадырь,Россия
MCX,Уйташ,Махачкала,Россия
UFA,Уфа,Уфа,Россия
UCT,Ухта,Ухта,Россия
SYX,Феникс Интл.,Санья,Китай
MIR,Хабиб Бурджиба Инт,Монастир,Тунис
DOH,Хамад Интернэйшнл,Доха,Катар
HMA,Ханты-Мансийск,Ханты-Мансийск,Россия
KVK,Хибины,Апатиты,Россия
UUS,Хомутово,Южно-Сахалинск,Россия
KGD,Храброво,Калининград,Россия
HRG,Хургада Интл.,Хургада,Египет
OMS,Центральный (Омск),Омск,Россия
REN,Центральный (Оренбург),Оренбург,Россия
TAO,Цзяодун Интернэйшнл,Циндао,Китай
CSY,Чебоксары,Чебоксары,Россия
CEE,Череповец,Череповец,Россия
SSH,Шарм Эль Шейх Интл.,Шарм Эль Шейх,Египет
MHD,Шахид Хашеми Неджад,Мешхед,Иран
STW,Шпаковское,Ставрополь,Россия
CIT,Шымкент Интл.,Шымкент,Казахстан
ESL,Элиста,Элиста,Россия
DBB,Эль Аламейн Интл.,Дабаа,Египет
YKS,Якутск,Якутск,Россия
CKG,Янгбей Интл.,Чунцин,Китай
