Сегмент;Регион;Бренд;Уровень скидки;Продано шт.;Затраты на ед.;Цена продажи;Валовая выручка;Сумма скидок;Выручка;Себестоимость продаж;Прибыль;Дата;Номер месяца;Название месяца;Год
Госсектор;Москва;Вдохновение;Низкая;4512;289,51;550,75;2484984;124249,2;2360734,8;1255591,02;1105143,78;28.06.2022;6;Июнь;2022
Партнёрский канал;Нижний Новгород;Аленка;Высокая;2035;116,79;201,93;410927,55;90404,06;320523,49;209904,34;110619,15;12.02.2023;2;Февраль;2023
Партнёрский канал;Нижний Новгород;Сударушка;Без скидки;10154;82,49;165,14;1676831,56;0;1676831,56;813360,61;863470,95;23.11.2022;11;Ноябрь;2022
Малый бизнес;Краснодар;Красная Шапочка;Средняя;4027;132,33;212,05;853925,35;102471,04;751454,31;474876,59;276577,72;18.07.2022;7;Июль;2022
Средний бизнес;Краснодар;Победа;Низкая;1211;79,84;139,89;169406,79;8470,34;160936,45;96374,32;64562,13;15.02.2024;2;Февраль;2024
Госсектор;Новосибирск;Вдохновение;Низкая;9959;288,96;405,17;4035088,03;201754,4;3833333,63;2760776,59;1072557,04;16.08.2023;8;Август;2023
Госсектор;Екатеринбург;Аленка;Без скидки;5054;123,85;244,68;1236612,72;0;1236612,72;563042,72;673570;29.12.2023;12;Декабрь;2023
Крупный бизнес;Новосибирск;Вдохновение;Высокая;10480;322,59;564,73;5918370,4;1302041,49;4616328,91;3074371,16;1541957,75;04.08.2024;8;Август;2024
Малый бизнес;Новосибирск;Вдохновение;Средняя;11716;354,62;683,08;8002965,28;960355,83;7042609,45;3684049,4;3358560,05;07.03.2022;3;Март;2022
Средний бизнес;Нижний Новгород;Красная Шапочка;Высокая;3956;123,74;219,69;869093,64;191200,6;677893,04;472945,2;204947,84;12.03.2023;3;Март;2023
Малый бизнес;Нижний Новгород;Вдохновение;Без скидки;2840;353,34;542,37;1540330,8;0;1540330,8;950666,31;589664,49;23.06.2023;6;Июнь;2023
Партнёрский канал;Нижний Новгород;Победа;Без скидки;6430;64,89;136,15;875444,5;0;875444,5;392685,11;482759,39;06.07.2022;7;Июль;2022
Госсектор;Санкт-Петербург;Сударушка;Средняя;11649;86,99;121,58;1416285,42;169954,25;1246331,17;938150,44;308180,73;16.08.2024;8;Август;2024
Партнёрский канал;Новосибирск;Победа;Высокая;11645;66,87;124,46;1449336,7;318854,07;1130482,63;735433,74;395048,89;01.07.2023;7;Июль;2023
Средний бизнес;Санкт-Петербург;Красная Шапочка;Без скидки;3091;120,41;248,69;768700,79;0;768700,79;366642,59;402058,2;24.06.2023;6;Июнь;2023
Партнёрский канал;Казань;Победа;Высокая;10744;65,2;119,26;1281329,44;281892,48;999436,96;667638,42;331798,54;10.11.2022;11;Ноябрь;2022
Средний бизнес;Казань;Победа;Высокая;10313;77,92;106,33;1096581,29;241247,88;855333,41;796751,89;58581,52;22.09.2023;9;Сентябрь;2023
Крупный бизнес;Москва;Сударушка;Высокая;1903;96,32;188,98;359628,94;79118,37;280510,57;182812,71;97697,86;26.12.2024;12;Декабрь;2024
Крупный бизнес;Казань;Вдохновение;Без скидки;9507;313,57;547,42;5204321,94;0;5204321,94;2840375,57;2363946,37;10.03.2023;3;Март;2023
Партнёрский канал;Екатеринбург;Вдохновение;Низкая;7037;289,97;532,79;3749243,23;187462,16;3561781,07;1902930,8;1658850,27;25.11.2024;11;Ноябрь;2024
Малый бизнес;Санкт-Петербург;Сударушка;Средняя;1549;105,37;188,74;292358,26;35082,99;257275,27;148139,02;109136,25;28.03.2023;3;Март;2023
Госсектор;Санкт-Петербург;Вдохновение;Высокая;4250;286,76;393,88;1673990;368277,8;1305712,2;1120806,77;184905,43;18.11.2024;11;Ноябрь;2024
Крупный бизнес;Новосибирск;Вдохновение;Без скидки;4010;320,75;607,02;2434150,2;0;2434150,2;1268053,93;1166096,27;26.08.2024;8;Август;2024
Крупный бизнес;Владивосток;Бабаевский;Средняя;2045;204,92;342,89;701210,05;84145,21;617064,84;390074,69;226990,15;14.08.2024;8;Август;2024
Госсектор;Санкт-Петербург;Аленка;Без скидки;6059;126,44;181,06;1097042,54;0;1097042,54;691781,22;405261,32;07.07.2024;7;Июль;2024
Крупный бизнес;Нижний Новгород;Сударушка;Низкая;8079;93,57;191,11;1543977,69;77198,88;1466778,81;705436,06;761342,75;20.07.2022;7;Июль;2022
Госсектор;Москва;Аленка;Средняя;3224;123,5;211,31;681263,44;81751,61;599511,83;391697,04;207814,79;01.05.2022;5;Май;2022
Крупный бизнес;Нижний Новгород;Аленка;Без скидки;4845;138,45;268,43;1300543,35;0;1300543,35;613256,51;687286,84;23.09.2024;9;Сентябрь;2024
Крупный бизнес;Екатеринбург;Красная Шапочка;Средняя;1458;115,55;202,98;295944,84;35513,38;260431,46;163376,82;97054,64;28.04.2022;4;Апрель;2022
Госсектор;Владивосток;Победа;Средняя;1431;70,91;99,99;143085,69;17170,28;125915,41;91558,27;34357,14;20.05.2022;5;Май;2022
Крупный бизнес;Нижний Новгород;Аленка;Средняя;9985;135,77;246,36;2459904,6;295188,55;2164716,05;1261183,18;903532,87;06.12.2024;12;Декабрь;2024
Средний бизнес;Новосибирск;Сударушка;Низкая;4410;98,35;142,43;628116,3;31405,82;596710,48;415272,94;181437,54;25.07.2024;7;Июль;2024
Средний бизнес;Санкт-Петербург;Аленка;Без скидки;10677;145,99;306,15;3268763,55;0;3268763,55;1385390,29;1883373,26;13.03.2023;3;Март;2023
Партнёрский канал;Новосибирск;Сударушка;Низкая;1627;85,5;139,12;226348,24;11317,41;215030,83;125048,75;89982,08;12.09.2023;9;Сентябрь;2023
Партнёрский канал;Москва;Вдохновение;Низкая;11368;274,9;552,16;6276954,88;313847,74;5963107,14;2849232,34;3113874,8;08.08.2022;8;Август;2022
Партнёрский канал;Казань;Красная Шапочка;Низкая;10409;99,44;159,82;1663566,38;83178,32;1580388,06;996255,44;584132,62;25.06.2023;6;Июнь;2023
Партнёрский канал;Владивосток;Красная Шапочка;Высокая;2012;102,02;201,18;404774,16;89050,32;315723,84;181718,46;134005,38;15.11.2023;11;Ноябрь;2023
Крупный бизнес;Новосибирск;Сударушка;Без скидки;9538;96,17;170,29;1624226,02;0;1624226,02;819511,34;804714,68;02.11.2022;11;Ноябрь;2022
Партнёрский канал;Москва;Красная Шапочка;Средняя;7541;98,94;156,44;1179714,04;141565,68;1038148,36;737062,07;301086,29;23.03.2022;3;Март;2022
Средний бизнес;Екатеринбург;Вдохновение;Средняя;11427;327,99;634,69;7252602,63;870312,32;6382290,31;3695830,96;2686459,35;12.04.2024;4;Апрель;2024
Партнёрский канал;Казань;Сударушка;Средняя;3400;85,51;117,03;397902;47748,24;350153,76;281543,24;68610,52;12.11.2023;11;Ноябрь;2023
Малый бизнес;Екатеринбург;Красная Шапочка;Средняя;11989;125,77;252,06;3021947,34;362633,68;2659313,66;1482270;1177043,66;01.04.2023;4;Апрель;2023
Крупный бизнес;Владивосток;Красная Шапочка;Низкая;4228;113,09;208,65;882172,2;44108,61;838063,59;443630,1;394433,49;25.07.2023;7;Июль;2023
Госсектор;Новосибирск;Красная Шапочка;Без скидки;11633;108,85;190,72;2218645,76;0;2218645,76;1257019,12;961626,64;25.08.2022;8;Август;2022
Средний бизнес;Казань;Победа;Низкая;1126;76,9;128,88;145118,88;7255,94;137862,94;83768,79;54094,15;05.10.2023;10;Октябрь;2023
Малый бизнес;Санкт-Петербург;Бабаевский;Средняя;4673;228,77;383,66;1792843,18;215141,18;1577702;1007455,16;570246,84;08.02.2023;2;Февраль;2023
Средний бизнес;Нижний Новгород;Аленка;Низкая;10709;140,17;278,38;2981171,42;149058,57;2832112,85;1450599,96;1381512,89;08.09.2023;9;Сентябрь;2023
Партнёрский канал;Новосибирск;Вдохновение;Без скидки;5844;279,95;440,01;2571418,44;0;2571418,44;1464694,03;1106724,41;11.05.2024;5;Май;2024
Малый бизнес;Казань;Победа;Низкая;7153;84,24;113,75;813653,75;40682,69;772971,06;551006,7;221964,36;30.05.2024;5;Май;2024
Партнёрский канал;Краснодар;Бабаевский;Без скидки;7744;186,75;323,71;2506810,24;0;2506810,24;1410396,21;1096414,03;14.12.2022;12;Декабрь;2022
Госсектор;Новосибирск;Победа;Низкая;2030;70,32;134,55;273136,5;13656,83;259479,67;137144,61;122335,06;06.04.2023;4;Апрель;2023
Крупный бизнес;Казань;Аленка;Высокая;4511;138,92;251,23;1133298,53;249325,68;883972,85;609258,48;274714,37;21.07.2024;7;Июль;2024
Малый бизнес;Екатеринбург;Вдохновение;Без скидки;8599;356,24;520,35;4474489,65;0;4474489,65;2948478,72;1526010,93;07.08.2022;8;Август;2022
Малый бизнес;Екатеринбург;Сударушка;Без скидки;1322;106,77;217,61;287680,42;0;287680,42;126267,52;161412,9;01.10.2022;10;Октябрь;2022
Малый бизнес;Краснодар;Бабаевский;Без скидки;9476;234,44;344,48;3264292,48;0;3264292,48;2184629,86;1079662,62;10.07.2024;7;Июль;2024
Средний бизнес;Екатеринбург;Вдохновение;Низкая;9040;335,69;513,42;4641316,8;232065,84;4409250,96;2830663,56;1578587,4;09.08.2023;8;Август;2023
Крупный бизнес;Новосибирск;Красная Шапочка;Низкая;9349;112,11;164,03;1533516,47;76675,82;1456840,65;970518,29;486322,36;09.11.2022;11;Ноябрь;2022
Крупный бизнес;Санкт-Петербург;Бабаевский;Без скидки;5921;210,54;349,88;2071639,48;0;2071639,48;1127955,41;943684,07;10.05.2024;5;Май;2024
Малый бизнес;Москва;Победа;Без скидки;8314;81,51;131,54;1093623,56;0;1093623,56;657626,52;435997,04;08.05.2024;5;Май;2024
Партнёрский канал;Екатеринбург;Бабаевский;Средняя;4971;184,09;252,53;1255326,63;150639,2;1104687,43;842209,54;262477,89;08.04.2024;4;Апрель;2024
Крупный бизнес;Владивосток;Сударушка;Высокая;6955;95,52;176,45;1227209,75;269986,15;957223,6;591312,98;365910,62;27.05.2024;5;Май;2024
Крупный бизнес;Владивосток;Сударушка;Высокая;4762;94,31;142,29;677584,98;149068,7;528516,28;412826,25;115690,03;16.02.2024;2;Февраль;2024
Средний бизнес;Нижний Новгород;Красная Шапочка;Высокая;8205;117,27;205,76;1688260,8;371417,38;1316843,42;962189,71;354653,71;18.12.2023;12;Декабрь;2023
Крупный бизнес;Санкт-Петербург;Вдохновение;Высокая;1008;328,63;492,79;496732,32;109281,11;387451,21;292318,08;95133,13;09.11.2022;11;Ноябрь;2022
Крупный бизнес;Казань;Бабаевский;Высокая;9740;215,64;366,32;3567956,8;784950,5;2783006,3;1912877,24;870129,06;26.01.2024;1;Январь;2024
Крупный бизнес;Санкт-Петербург;Сударушка;Низкая;2271;95,45;195,35;443639,85;22181,99;421457,86;205732,56;215725,3;08.02.2024;2;Февраль;2024
Малый бизнес;Екатеринбург;Аленка;Средняя;2169;152,99;241,14;523032,66;62763,92;460268,74;319262,43;141006,31;05.09.2022;9;Сентябрь;2022
Партнёрский канал;Москва;Красная Шапочка;Без скидки;11338;100,41;173,66;1968957,08;0;1968957,08;1048451,65;920505,43;10.05.2024;5;Май;2024
Малый бизнес;Санкт-Петербург;Бабаевский;Низкая;10913;240,73;407,99;4452394,87;222619,74;4229775,13;2360066,63;1869708,5;27.12.2022;12;Декабрь;2022
Партнёрский канал;Новосибирск;Победа;Без скидки;8116;65,74;124,79;1012795,64;0;1012795,64;486704,5;526091,14;18.05.2023;5;Май;2023
Госсектор;Новосибирск;Бабаевский;Средняя;8113;194,01;359,14;2913702,82;349644,34;2564058,48;1448661,47;1115397,01;09.10.2024;10;Октябрь;2024
Средний бизнес;Казань;Бабаевский;Средняя;6313;224,44;360,28;2274447,64;272933,72;2001513,92;1396540,91;604973,01;20.07.2023;7;Июль;2023
Партнёрский канал;Москва;Победа;Средняя;1902;64,98;107,53;204522,06;24542,65;179979,41;116994,76;62984,65;08.05.2023;5;Май;2023
Малый бизнес;Владивосток;Бабаевский;Высокая;2024;232,3;384,06;777337,44;171014,24;606323,2;427481,7;178841,5;26.01.2024;1;Январь;2024
Малый бизнес;Краснодар;Бабаевский;Низкая;6264;238,06;369,75;2316114;115805,7;2200308,3;1357250,32;843057,98;05.09.2022;9;Сентябрь;2022
Крупный бизнес;Краснодар;Аленка;Средняя;3638;132,7;227,33;827026,54;99243,18;727783,36;466807,39;260975,97;10.12.2024;12;Декабрь;2024
Партнёрский канал;Новосибирск;Аленка;Средняя;5353;116,86;173,49;928691,97;111443,04;817248,93;551547,45;265701,48;29.12.2024;12;Декабрь;2024
Крупный бизнес;Новосибирск;Аленка;Высокая;9566;133,32;274,38;2624719,08;577438,2;2047280,88;1219918,44;827362,44;02.10.2024;10;Октябрь;2024
Госсектор;Москва;Победа;Низкая;8190;68,91;110,64;906141,6;45307,08;860834,52;562036,24;298798,28;02.06.2023;6;Июнь;2023
Малый бизнес;Санкт-Петербург;Аленка;Без скидки;8556;147,34;268,47;2297029,32;0;2297029,32;1117473,93;1179555,39;02.11.2022;11;Ноябрь;2022
Партнёрский канал;Новосибирск;Аленка;Средняя;2440;119,21;198,14;483461,6;58015,39;425446,21;276775,33;148670,88;08.04.2023;4;Апрель;2023
Партнёрский канал;Нижний Новгород;Бабаевский;Без скидки;5371;188,79;395,05;2121813,55;0;2121813,55;929470,5;1192343,05;04.05.2022;5;Май;2022
Партнёрский канал;Санкт-Петербург;Сударушка;Средняя;4835;84,4;123,88;598959,8;71875,18;527084,62;367616,57;159468,05;03.06.2022;6;Июнь;2022
Крупный бизнес;Москва;Бабаевский;Без скидки;11794;211,18;331,22;3906408,68;0;3906408,68;2260961,44;1645447,24;03.08.2023;8;Август;2023
Малый бизнес;Санкт-Петербург;Вдохновение;Средняя;4834;364,59;663,11;3205473,74;384656,85;2820816,89;1690771,2;1130045,69;10.02.2023;2;Февраль;2023
Малый бизнес;Санкт-Петербург;Победа;Средняя;11110;82,23;127,39;1415302,9;169836,35;1245466,55;819539,49;425927,06;03.05.2022;5;Май;2022
Крупный бизнес;Новосибирск;Победа;Низкая;7695;73,31;136,83;1052906,85;52645,34;1000261,51;543794,09;456467,42;12.07.2023;7;Июль;2023
Партнёрский канал;Владивосток;Бабаевский;Высокая;10298;179,7;300,82;3097844,36;681525,76;2416318,6;1700061,22;716257,38;28.05.2023;5;Май;2023
Госсектор;Санкт-Петербург;Сударушка;Высокая;11514;89,09;158,77;1828077,78;402177,11;1425900,67;996622,43;429278,24;25.12.2022;12;Декабрь;2022
Малый бизнес;Владивосток;Красная Шапочка;Средняя;10090;128,3;251,56;2538240,4;304588,85;2233651,55;1289739,87;943911,68;20.08.2024;8;Август;2024
Средний бизнес;Нижний Новгород;Красная Шапочка;Низкая;11479;117,89;173,37;1990114,23;99505,71;1890608,52;1257715,7;632892,82;11.10.2024;10;Октябрь;2024
Средний бизнес;Нижний Новгород;Победа;Высокая;7951;76,8;118,22;939967,22;206792,79;733174,43;545854,7;187319,73;07.04.2024;4;Апрель;2024
Партнёрский канал;Москва;Вдохновение;Без скидки;7270;274,07;476,56;3464591,2;0;3464591,2;1902261,16;1562330,04;17.10.2024;10;Октябрь;2024
Малый бизнес;Москва;Сударушка;Низкая;9498;104,04;162,93;1547509,14;77375,46;1470133,68;974042,64;496091,04;19.09.2024;9;Сентябрь;2024
Госсектор;Москва;Вдохновение;Средняя;3094;291,06;395,92;1224976,48;146997,18;1077979,3;836564,3;241415;06.04.2023;4;Апрель;2023
Госсектор;Владивосток;Аленка;Средняя;8665;127,42;199,91;1732220,15;207866,42;1524353,73;1065063,9;459289,83;30.04.2024;4;Апрель;2024
Малый бизнес;Владивосток;Сударушка;Без скидки;9531;104,13;155,46;1481689,26;0;1481689,26;944750,68;536938,58;07.10.2022;10;Октябрь;2022
Госсектор;Новосибирск;Бабаевский;Низкая;8818;190,5;257,54;2270987,72;113549,39;2157438,33;1624606,5;532831,83;29.09.2024;9;Сентябрь;2024
Крупный бизнес;Владивосток;Победа;Без скидки;6154;74,25;142,72;878298,88;0;878298,88;422785,59;455513,29;22.10.2023;10;Октябрь;2023
Крупный бизнес;Екатеринбург;Победа;Без скидки;4326;76,6;127,01;549445,26;0;549445,26;304259,16;245186,1;26.08.2024;8;Август;2024
Малый бизнес;Нижний Новгород;Вдохновение;Средняя;8615;368,4;532,22;4585075,3;550209,04;4034866,26;3160570,85;874295,41;11.11.2023;11;Ноябрь;2023
Госсектор;Владивосток;Аленка;Без скидки;751;125,86;208,61;156666,11;0;156666,11;90605,22;66060,89;13.11.2022;11;Ноябрь;2022
Госсектор;Владивосток;Красная Шапочка;Низкая;10711;107,02;196,64;2106211,04;105310,55;2000900,49;1125900,8;874999,69;28.12.2024;12;Декабрь;2024
Малый бизнес;Краснодар;Вдохновение;Без скидки;9364;348,42;488,25;4571973;0;4571973;3118199,78;1453773,22;12.08.2023;8;Август;2023
Крупный бизнес;Санкт-Петербург;Бабаевский;Высокая;10883;212,57;302,99;3297440,17;725436,84;2572003,33;2081975,57;490027,76;06.09.2023;9;Сентябрь;2023
Госсектор;Москва;Красная Шапочка;Высокая;5306;104,9;175,5;931203;204864,66;726338,34;506117,89;220220,45;23.04.2024;4;Апрель;2024
Партнёрский канал;Казань;Сударушка;Средняя;1793;84,15;137,75;246985,75;29638,29;217347,46;145143,88;72203,58;16.10.2024;10;Октябрь;2024
Партнёрский канал;Казань;Сударушка;Без скидки;10951;82,37;126,97;1390448,47;0;1390448,47;794807,02;595641,45;10.08.2024;8;Август;2024
Средний бизнес;Казань;Аленка;Без скидки;6161;145,9;229,7;1415181,7;0;1415181,7;894794,1;520387,6;28.05.2023;5;Май;2023
Малый бизнес;Новосибирск;Сударушка;Без скидки;8416;103,89;169,97;1430467,52;0;1430467,52;807079,86;623387,66;29.08.2023;8;Август;2023
Средний бизнес;Москва;Вдохновение;Без скидки;4997;326,08;651,77;3256894,69;0;3256894,69;1586074,89;1670819,8;11.04.2022;4;Апрель;2022
Партнёрский канал;Владивосток;Красная Шапочка;Средняя;10446;103,03;156,01;1629680,46;195561,66;1434118,8;971656,79;462462,01;29.05.2023;5;Май;2023
Крупный бизнес;Санкт-Петербург;Вдохновение;Высокая;5561;325,54;447,63;2489270,43;547639,49;1941630,94;1672350,81;269280,13;27.09.2022;9;Сентябрь;2022
Госсектор;Новосибирск;Красная Шапочка;Без скидки;3377;103,9;201,55;680634,35;0;680634,35;345668,74;334965,61;20.01.2024;1;Январь;2024
Партнёрский канал;Новосибирск;Сударушка;Низкая;8394;85,94;135,04;1133525,76;56676,29;1076849,47;710161,19;366688,28;24.08.2022;8;Август;2022
Малый бизнес;Санкт-Петербург;Сударушка;Средняя;11580;107,83;224,82;2603415,6;312409,87;2291005,73;1243767,08;1047238,65;20.01.2024;1;Январь;2024
Госсектор;Нижний Новгород;Аленка;Низкая;9291;121,39;197,43;1834322,13;91716,11;1742606,02;1093865,69;648740,33;21.06.2023;6;Июнь;2023
Партнёрский канал;Нижний Новгород;Вдохновение;Низкая;2275;284,55;484,76;1102829;55141,45;1047687,55;617796,83;429890,72;03.11.2023;11;Ноябрь;2023
Партнёрский канал;Екатеринбург;Вдохновение;Высокая;10910;287,07;583,34;6364239,4;1400132,67;4964106,73;2869674,41;2094432,32;16.04.2024;4;Апрель;2024
Госсектор;Казань;Аленка;Высокая;5486;127,9;183,8;1008326,8;221831,9;786494,9;637230,23;149264,67;05.10.2022;10;Октябрь;2022
Малый бизнес;Владивосток;Красная Шапочка;Без скидки;10122;130,67;191,55;1938869,1;0;1938869,1;1229773,96;709095,14;22.07.2022;7;Июль;2022
Малый бизнес;Нижний Новгород;Красная Шапочка;Высокая;11809;127,8;215,03;2539289,27;558643,64;1980645,63;1500235,6;480410,03;13.01.2024;1;Январь;2024
Госсектор;Краснодар;Победа;Низкая;1492;68,58;102,35;152706,2;7635,31;145070,89;91542,74;53528,15;20.07.2024;7;Июль;2024
Госсектор;Екатеринбург;Вдохновение;Высокая;1328;299,47;458,99;609538,72;134098,52;475440,2;355982,15;119458,05;25.02.2023;2;Февраль;2023
Госсектор;Екатеринбург;Победа;Средняя;4317;68,29;99,75;430620,75;51674,49;378946,26;291289,02;87657,24;06.01.2022;1;Январь;2022
Средний бизнес;Казань;Сударушка;Низкая;3358;97,42;194,82;654205,56;32710,28;621495,28;293054,11;328441,17;04.01.2024;1;Январь;2024
Крупный бизнес;Краснодар;Аленка;Средняя;4847;131,37;250,43;1213834,21;145660,11;1068174,1;600538,56;467635,54;11.05.2022;5;Май;2022
Малый бизнес;Владивосток;Красная Шапочка;Высокая;7905;128,83;265,27;2096959,35;461331,06;1635628,29;901492,57;734135,72;03.12.2024;12;Декабрь;2024
Средний бизнес;Владивосток;Вдохновение;Высокая;1496;346,05;687,07;1027856,72;226128,48;801728,24;482049,26;319678,98;10.08.2022;8;Август;2022
Малый бизнес;Владивосток;Аленка;Высокая;5777;152,18;212,94;1230154,38;270633,96;959520,42;802660,03;156860,39;28.10.2023;10;Октябрь;2023
Малый бизнес;Новосибирск;Бабаевский;Без скидки;2124;239,34;343,65;729912,6;0;729912,6;487294,62;242617,98;17.03.2023;3;Март;2023
Малый бизнес;Владивосток;Сударушка;Без скидки;6053;108,49;178,91;1082942,23;0;1082942,23;635382,68;447559,55;03.10.2023;10;Октябрь;2023
Малый бизнес;Краснодар;Вдохновение;Низкая;6632;368,15;686,64;4553796,48;227689,82;4326106,66;2287537,34;2038569,32;06.07.2022;7;Июль;2022
Госсектор;Санкт-Петербург;Бабаевский;Высокая;6605;196,81;347,82;2297351,1;505417,24;1791933,86;1235422,07;556511,79;07.11.2023;11;Ноябрь;2023
Госсектор;Нижний Новгород;Красная Шапочка;Без скидки;1342;108,77;195,82;262790,44;0;262790,44;134612,57;128177,87;05.11.2024;11;Ноябрь;2024
Крупный бизнес;Казань;Вдохновение;Без скидки;4174;326,67;526,78;2198779,72;0;2198779,72;1290915,64;907864,08;24.08.2022;8;Август;2022
Средний бизнес;Екатеринбург;Бабаевский;Высокая;10477;226,18;446,05;4673265,85;1028118,49;3645147,36;2161377,43;1483769,93;05.01.2023;1;Январь;2023
Средний бизнес;Новосибирск;Красная Шапочка;Низкая;600;118,44;172,62;103572;5178,6;98393,4;68141,94;30251,46;23.05.2022;5;Май;2022
Крупный бизнес;Москва;Аленка;Средняя;6663;134,35;215,72;1437342,36;172481,08;1264861,28;827504,6;437356,68;27.10.2023;10;Октябрь;2023
Партнёрский канал;Санкт-Петербург;Аленка;Средняя;3079;120,61;167,32;515178,28;61821,39;453356,89;330430,72;122926,17;26.06.2024;6;Июнь;2024
Малый бизнес;Владивосток;Победа;Без скидки;7285;82,86;158,78;1156712,3;0;1156712,3;539443,4;617268,9;30.05.2024;5;Май;2024
Госсектор;Новосибирск;Вдохновение;Без скидки;9133;297,35;411,55;3758686,15;0;3758686,15;2518623,74;1240062,41;23.04.2022;4;Апрель;2022
Госсектор;Екатеринбург;Красная Шапочка;Средняя;2748;107,48;168,43;462845,64;55541,48;407304,16;264164,99;143139,17;15.10.2024;10;Октябрь;2024
Малый бизнес;Казань;Сударушка;Без скидки;9225;107,7;185,8;1714005;0;1714005;973664,34;740340,66;27.12.2023;12;Декабрь;2023
Госсектор;Нижний Новгород;Вдохновение;Высокая;7647;285,9;583,49;4461948,03;981628,57;3480319,46;2150101,41;1330218,05;29.05.2024;5;Май;2024
Партнёрский канал;Нижний Новгород;Вдохновение;Без скидки;5243;275,1;375,69;1969742,67;0;1969742,67;1325478,88;644263,79;31.07.2024;7;Июль;2024
Средний бизнес;Санкт-Петербург;Бабаевский;Высокая;4486;219,65;362,5;1626175;357758,5;1268416,5;876407,3;392009,2;28.09.2023;9;Сентябрь;2023
Средний бизнес;Екатеринбург;Красная Шапочка;Средняя;1751;120,83;173,45;303710,95;36445,31;267265,64;199131,6;68134,04;17.12.2023;12;Декабрь;2023
Средний бизнес;Казань;Сударушка;Высокая;2899;98,29;145,48;421746,52;92784,23;328962,29;255976,68;72985,61;04.06.2022;6;Июнь;2022
Крупный бизнес;Владивосток;Бабаевский;Без скидки;11659;215,34;381,88;4452338,92;0;4452338,92;2400772,51;2051566,41;24.10.2023;10;Октябрь;2023
Средний бизнес;Казань;Бабаевский;Высокая;8182;219,74;346,56;2835553,92;623821,86;2211732,06;1641423,87;570308,19;26.04.2022;4;Апрель;2022
Средний бизнес;Санкт-Петербург;Красная Шапочка;Без скидки;7904;117,4;190,96;1509347,84;0;1509347,84;848544,52;660803,32;04.07.2022;7;Июль;2022
Партнёрский канал;Нижний Новгород;Бабаевский;Высокая;7868;189,34;336,79;2649863,72;582970,02;2066893,7;1344610,92;722282,78;01.09.2024;9;Сентябрь;2024
Партнёрский канал;Казань;Аленка;Без скидки;2195;121,02;239,38;525439,1;0;525439,1;265077,41;260361,69;22.06.2022;6;Июнь;2022
Партнёрский канал;Казань;Аленка;Средняя;7672;122,3;213,18;1635516,96;196262,04;1439254,92;894351,92;544903;16.01.2024;1;Январь;2024
Средний бизнес;Новосибирск;Бабаевский;Без скидки;6043;222,87;309,63;1871094,09;0;1871094,09;1287148,62;583945,47;17.11.2023;11;Ноябрь;2023
Госсектор;Краснодар;Аленка;Без скидки;5155;122,35;243,31;1254263,05;0;1254263,05;628020,6;626242,45;04.11.2022;11;Ноябрь;2022
Средний бизнес;Санкт-Петербург;Победа;Средняя;6231;77,85;143,4;893525,4;107223,05;786302,35;465416,24;320886,11;22.09.2022;9;Сентябрь;2022
Партнёрский канал;Санкт-Петербург;Красная Шапочка;Без скидки;11042;102,97;201,81;2228386,02;0;2228386,02;1091985,63;1136400,39;14.12.2024;12;Декабрь;2024
Госсектор;Нижний Новгород;Победа;Низкая;798;68,43;101,63;81100,74;4055,04;77045,7;49457,86;27587,84;22.09.2024;9;Сентябрь;2024
Крупный бизнес;Екатеринбург;Сударушка;Средняя;1764;93,84;182,15;321312,6;38557,51;282755,09;155754,48;127000,61;14.12.2024;12;Декабрь;2024
Госсектор;Краснодар;Победа;Средняя;10285;68,49;100,8;1036728;124407,36;912320,64;690163,19;222157,45;06.12.2022;12;Декабрь;2022
Малый бизнес;Москва;Бабаевский;Низкая;11581;238,3;494,99;5732479,19;286623,96;5445855,23;2630793,08;2815062,15;08.07.2024;7;Июль;2024
Крупный бизнес;Екатеринбург;Красная Шапочка;Без скидки;3678;114,09;235,07;864587,46;0;864587,46;418839,49;445747,97;03.08.2024;8;Август;2024
Средний бизнес;Нижний Новгород;Победа;Без скидки;3155;80,25;156,56;493946,8;0;493946,8;227011,01;266935,79;28.05.2023;5;Май;2023
Госсектор;Владивосток;Красная Шапочка;Высокая;8952;108,03;168,94;1512350,88;332717,19;1179633,69;939594,23;240039,46;13.07.2023;7;Июль;2023
Малый бизнес;Казань;Бабаевский;Высокая;4137;239,67;482,57;1996392,09;439206,26;1557185,83;983242,22;573943,61;29.04.2024;4;Апрель;2024
Госсектор;Нижний Новгород;Победа;Низкая;4362;68,53;96,71;421849,02;21092,45;400756,57;271111,02;129645,55;15.10.2023;10;Октябрь;2023
Госсектор;Краснодар;Сударушка;Средняя;1127;86,28;170,17;191781,59;23013,79;168767,8;93691,17;75076,63;12.10.2022;10;Октябрь;2022
Малый бизнес;Владивосток;Победа;Высокая;1798;81,58;123,33;221747,34;48784,41;172962,93;131710,94;41251,99;16.12.2024;12;Декабрь;2024
Малый бизнес;Санкт-Петербург;Красная Шапочка;Средняя;5434;125,88;192,45;1045773,3;125492,8;920280,5;654395,7;265884,8;25.07.2024;7;Июль;2024
Госсектор;Санкт-Петербург;Бабаевский;Высокая;10853;193,38;296,15;3214115,95;707105,51;2507010,44;1883062,64;623947,8;29.05.2024;5;Май;2024
Госсектор;Краснодар;Сударушка;Без скидки;3568;88,26;124,82;445357,76;0;445357,76;313953,89;131403,87;19.05.2022;5;Май;2022
Партнёрский канал;Москва;Бабаевский;Без скидки;1213;186,3;388,58;471347,54;0;471347,54;205742,52;265605,02;03.02.2022;2;Февраль;2022
Средний бизнес;Санкт-Петербург;Красная Шапочка;Средняя;11265;121,68;234,68;2643670,2;317240,42;2326429,78;1327166,9;999262,88;12.11.2023;11;Ноябрь;2023
Крупный бизнес;Москва;Красная Шапочка;Низкая;11031;112,76;218,12;2406081,72;120304,09;2285777,63;1163943,75;1121833,88;07.09.2024;9;Сентябрь;2024
Крупный бизнес;Казань;Аленка;Без скидки;1105;133,33;184,38;203739,9;0;203739,9;133176,63;70563,27;27.03.2022;3;Март;2022
Средний бизнес;Новосибирск;Победа;Без скидки;9397;78,62;108,3;1017695,1;0;1017695,1;707488,08;310207,02;09.08.2023;8;Август;2023
Средний бизнес;Москва;Вдохновение;Низкая;4976;328,43;534,03;2657333,28;132866,66;2524466,62;1612594,65;911871,97;19.06.2024;6;Июнь;2024
Малый бизнес;Краснодар;Сударушка;Без скидки;11838;106,38;217,36;2573107,68;0;2573107,68;1186679,8;1386427,88;19.06.2022;6;Июнь;2022
Малый бизнес;Санкт-Петербург;Бабаевский;Средняя;9437;232,29;331,47;3128082,39;375369,89;2752712,5;2015327,05;737385,45;29.08.2023;8;Август;2023
Средний бизнес;Владивосток;Победа;Без скидки;3230;79,65;128,53;415151,9;0;415151,9;227704,76;187447,14;24.12.2023;12;Декабрь;2023
Партнёрский канал;Нижний Новгород;Красная Шапочка;Высокая;1729;102,24;169,17;292494,93;64348,88;228146,05;166444,17;61701,88;24.11.2022;11;Ноябрь;2022
Госсектор;Казань;Победа;Без скидки;1070;67,45;103;110210;0;110210;69098,4;41111,6;12.01.2024;1;Январь;2024
Малый бизнес;Москва;Победа;Средняя;11625;83,75;136,36;1585185;190222,2;1394962,8;908628,48;486334,32;07.06.2022;6;Июнь;2022
Партнёрский канал;Казань;Победа;Низкая;7021;65,26;101,74;714316,54;35715,83;678600,71;456019,74;222580,97;23.02.2022;2;Февраль;2022
Крупный бизнес;Владивосток;Победа;Без скидки;9702;73,28;141,52;1373027,04;0;1373027,04;685712,4;687314,64;16.03.2023;3;Март;2023
Партнёрский канал;Новосибирск;Вдохновение;Без скидки;3779;275,22;547,58;2069304,82;0;2069304,82;971667,6;1097637,22;30.06.2024;6;Июнь;2024
Госсектор;Краснодар;Вдохновение;Низкая;1563;295,28;462,93;723559,59;36177,98;687381,61;422752,34;264629,27;19.11.2022;11;Ноябрь;2022
Крупный бизнес;Краснодар;Победа;Средняя;2488;77,18;150,04;373299,52;44795,94;328503,58;174436,06;154067,52;08.10.2024;10;Октябрь;2024
Госсектор;Краснодар;Победа;Низкая;8157;70,26;123,92;1010815,44;50540,77;960274,67;546423,23;413851,44;26.06.2022;6;Июнь;2022
Госсектор;Новосибирск;Бабаевский;Без скидки;9112;192,17;318,44;2901625,28;0;2901625,28;1661728,43;1239896,85;14.09.2022;9;Сентябрь;2022
Средний бизнес;Санкт-Петербург;Бабаевский;Без скидки;11642;220,73;319,23;3716475,66;0;3716475,66;2517024,19;1199451,47;08.01.2023;1;Январь;2023
Крупный бизнес;Нижний Новгород;Победа;Высокая;2534;75,08;118,48;300228,32;66050,23;234178,09;171120,15;63057,94;07.04.2023;4;Апрель;2023
Средний бизнес;Новосибирск;Аленка;Низкая;3716;142,9;251,95;936246,2;46812,31;889433,89;475270,53;414163,36;13.09.2023;9;Сентябрь;2023
Партнёрский канал;Санкт-Петербург;Победа;Средняя;10196;67,75;99,3;1012462,8;121495,54;890967,26;662490,18;228477,08;23.11.2023;11;Ноябрь;2023
Партнёрский канал;Москва;Аленка;Высокая;1244;122;235,25;292651;64383,22;228267,78;138375,8;89891,98;08.03.2023;3;Март;2023
Партнёрский канал;Нижний Новгород;Победа;Высокая;8659;67,54;118,82;1028862,38;226349,72;802512,66;559698,11;242814,55;11.09.2023;9;Сентябрь;2023
Малый бизнес;Екатеринбург;Вдохновение;Без скидки;5373;357,4;667,07;3584167,11;0;3584167,11;1726300,6;1857866,51;01.05.2024;5;Май;2024
Малый бизнес;Владивосток;Сударушка;Низкая;10439;104,13;207,86;2169850,54;108492,53;2061358,01;998223,63;1063134,38;09.12.2023;12;Декабрь;2023
Малый бизнес;Казань;Красная Шапочка;Высокая;5728;126,8;182,83;1047250,24;230395,05;816855,19;678338,7;138516,49;16.10.2022;10;Октябрь;2022
Госсектор;Москва;Красная Шапочка;Без скидки;10582;105,28;218,14;2308357,48;0;2308357,48;1101013,02;1207344,46;02.11.2023;11;Ноябрь;2023
Партнёрский канал;Краснодар;Сударушка;Средняя;8663;86,09;146,36;1267916,68;152150;1115766,68;734975,46;380791,22;15.10.2024;10;Октябрь;2024
Госсектор;Санкт-Петербург;Бабаевский;Без скидки;4444;189,9;306,63;1362663,72;0;1362663,72;747763,95;614899,77;10.10.2024;10;Октябрь;2024
Партнёрский канал;Владивосток;Красная Шапочка;Высокая;2261;100,78;202,75;458417,75;100851,9;357565,85;220412,66;137153,19;05.04.2024;4;Апрель;2024
Средний бизнес;Москва;Бабаевский;Высокая;9843;221,32;358,96;3533243,28;777313,52;2755929,76;1992483,05;763446,71;02.03.2024;3;Март;2024
Партнёрский канал;Владивосток;Победа;Низкая;10711;66,71;96;1028256;51412,8;976843,2;712394,32;264448,88;17.03.2024;3;Март;2024
Средний бизнес;Краснодар;Победа;Низкая;2863;77,33;133,92;383412,96;19170,65;364242,31;208114,11;156128,2;03.04.2022;4;Апрель;2022
Госсектор;Казань;Вдохновение;Низкая;8261;294,74;430,82;3559004,02;177950,2;3381053,82;2403622,18;977431,64;14.10.2022;10;Октябрь;2022
Средний бизнес;Краснодар;Сударушка;Без скидки;10600;101,18;159,3;1688580;0;1688580;987098,63;701481,37;09.11.2024;11;Ноябрь;2024
Партнёрский канал;Владивосток;Вдохновение;Низкая;8280;286,93;466,63;3863696,4;193184,82;3670511,58;2282784,67;1387726,91;03.05.2024;5;Май;2024
Партнёрский канал;Новосибирск;Вдохновение;Высокая;10279;281,17;583,51;5997899,29;1319537,84;4678361,45;2814853,72;1863507,73;12.04.2023;4;Апрель;2023
Госсектор;Владивосток;Сударушка;Без скидки;2921;89,09;136,45;398570,45;0;398570,45;246884,19;151686,26;14.08.2022;8;Август;2022
Крупный бизнес;Москва;Бабаевский;Низкая;7361;205,61;384,05;2826992,05;141349,6;2685642,45;1406408,29;1279234,16;23.08.2024;8;Август;2024
Госсектор;Казань;Победа;Средняя;9689;68,28;126,09;1221686,01;146602,32;1075083,69;623893,6;451190,09;05.10.2023;10;Октябрь;2023
Крупный бизнес;Владивосток;Победа;Низкая;9450;74,34;143,4;1355130;67756,5;1287373,5;678986,51;608386,99;26.06.2023;6;Июнь;2023
Партнёрский канал;Владивосток;Сударушка;Средняя;5071;83,89;127,4;646045,4;77525,45;568519,95;424023,31;144496,64;02.09.2023;9;Сентябрь;2023
Средний бизнес;Екатеринбург;Вдохновение;Без скидки;5694;335,59;594,12;3382919,28;0;3382919,28;1895826,83;1487092,45;15.07.2023;7;Июль;2023
Средний бизнес;Санкт-Петербург;Победа;Без скидки;6964;80,25;165,79;1154561,56;0;1154561,56;545757,89;608803,67;18.08.2023;8;Август;2023
Госсектор;Новосибирск;Вдохновение;Высокая;6174;301,89;556,08;3433237,92;755312,34;2677925,58;1807357,51;870568,07;15.03.2023;3;Март;2023
Крупный бизнес;Новосибирск;Победа;Низкая;2749;73,24;139,57;383677,93;19183,9;364494,03;182957,5;181536,53;14.04.2022;4;Апрель;2022
Партнёрский канал;Екатеринбург;Вдохновение;Средняя;1360;274,84;439,12;597203,2;71664,38;525538,82;350117,66;175421,16;09.10.2022;10;Октябрь;2022
Госсектор;Казань;Бабаевский;Без скидки;8322;194,95;373,71;3110014,62;0;3110014,62;1483611,29;1626403,33;08.08.2023;8;Август;2023
Госсектор;Санкт-Петербург;Вдохновение;Средняя;9267;298,62;593,58;5500705,86;660084,7;4840621,16;2447620,06;2393001,1;25.12.2022;12;Декабрь;2022
Малый бизнес;Казань;Аленка;Без скидки;8616;148,35;283,61;2443583,76;0;2443583,76;1258595,29;1184988,47;16.08.2023;8;Август;2023
Госсектор;Москва;Красная Шапочка;Высокая;5989;104,43;218,45;1308297,05;287825,35;1020471,7;591155,17;429316,53;08.10.2024;10;Октябрь;2024
Крупный бизнес;Владивосток;Красная Шапочка;Средняя;2345;113,83;216,09;506731,05;60807,73;445923,32;255665,31;190258,01;17.01.2023;1;Январь;2023
Госсектор;Краснодар;Красная Шапочка;Средняя;3375;106,5;194,79;657416,25;78889,95;578526,3;333794,81;244731,49;25.05.2024;5;Май;2024
Партнёрский канал;Краснодар;Аленка;Без скидки;11465;115,92;241,84;2772695,6;0;2772695,6;1245685,75;1527009,85;24.05.2023;5;Май;2023
Госсектор;Новосибирск;Бабаевский;Средняя;7819;196,14;405,13;3167711,47;380125,38;2787586,09;1405152,79;1382433,3;24.01.2022;1;Январь;2022
Средний бизнес;Краснодар;Вдохновение;Средняя;1517;339,38;576,62;874732,54;104967,9;769764,64;462926,15;306838,49;26.10.2024;10;Октябрь;2024
Средний бизнес;Санкт-Петербург;Вдохновение;Низкая;6521;338,31;512,32;3340838,72;167041,94;3173796,78;1976745,41;1197051,37;10.11.2022;11;Ноябрь;2022
Малый бизнес;Краснодар;Бабаевский;Без скидки;9306;239,46;471,55;4388244,3;0;4388244,3;2164733,7;2223510,6;17.06.2022;6;Июнь;2022
Партнёрский канал;Владивосток;Победа;Низкая;1779;67,65;97,02;172598,58;8629,93;163968,65;117876,52;46092,13;01.11.2024;11;Ноябрь;2024
Крупный бизнес;Казань;Сударушка;Низкая;9025;94,67;176,11;1589392,75;79469,64;1509923,11;825373,03;684550,08;28.09.2024;9;Сентябрь;2024
Госсектор;Владивосток;Аленка;Без скидки;2661;124,3;210,39;559847,79;0;559847,79;293362,48;266485,31;04.08.2024;8;Август;2024
Средний бизнес;Москва;Бабаевский;Низкая;549;223,75;399,11;219111,39;10955,57;208155,82;108765,7;99390,12;07.12.2023;12;Декабрь;2023
Госсектор;Москва;Аленка;Без скидки;1019;122,61;182,07;185529,33;0;185529,33;111977,29;73552,04;10.05.2024;5;Май;2024
Средний бизнес;Нижний Новгород;Бабаевский;Без скидки;6654;214,95;445,61;2965088,94;0;2965088,94;1408746,54;1556342,4;30.09.2022;9;Сентябрь;2022
Средний бизнес;Санкт-Петербург;Сударушка;Без скидки;9164;97,52;203,24;1862491,36;0;1862491,36;875959,42;986531,94;16.02.2022;2;Февраль;2022
Средний бизнес;Владивосток;Вдохновение;Без скидки;9215;333,57;507,78;4679192,7;0;4679192,7;2874892,87;1804299,83;14.11.2022;11;Ноябрь;2022
Средний бизнес;Екатеринбург;Вдохновение;Высокая;1027;342,24;569,63;585010,01;128702,2;456307,81;341613,16;114694,65;02.02.2022;2;Февраль;2022
Крупный бизнес;Екатеринбург;Аленка;Высокая;10231;131,22;235,98;2414311,38;531148,5;1883162,88;1294710,82;588452,06;10.04.2022;4;Апрель;2022
Крупный бизнес;Москва;Бабаевский;Без скидки;4339;210,5;403,27;1749788,53;0;1749788,53;888815,37;860973,16;14.10.2022;10;Октябрь;2022
Партнёрский канал;Новосибирск;Сударушка;Низкая;9961;84,09;155,94;1553318,34;77665,92;1475652,42;769337,51;706314,91;11.09.2023;9;Сентябрь;2023
Крупный бизнес;Екатеринбург;Бабаевский;Низкая;5008;204,47;421,49;2110821,92;105541,1;2005280,82;1009205,21;996075,61;25.12.2022;12;Декабрь;2022
Малый бизнес;Владивосток;Аленка;Низкая;11040;152,75;296,24;3270489,6;163524,48;3106965,12;1548496,92;1558468,2;02.05.2024;5;Май;2024
Малый бизнес;Казань;Красная Шапочка;Без скидки;3512;130,77;222,98;783105,76;0;783105,76;450961,16;332144,6;08.09.2023;9;Сентябрь;2023
Крупный бизнес;Владивосток;Аленка;Без скидки;7324;135,46;196,49;1439092,76;0;1439092,76;901969,01;537123,75;21.02.2023;2;Февраль;2023
Средний бизнес;Санкт-Петербург;Бабаевский;Низкая;2014;220,97;435,76;877620,64;43881,03;833739,61;394381,81;439357,8;12.02.2024;2;Февраль;2024
Партнёрский канал;Москва;Аленка;Средняя;10126;120,4;213;2156838;258820,56;1898017,44;1143005,54;755011,9;13.11.2023;11;Ноябрь;2023
Средний бизнес;Москва;Сударушка;Средняя;2422;101,23;193,93;469698,46;56363,82;413334,64;242661,8;170672,84;23.02.2023;2;Февраль;2023
Малый бизнес;Екатеринбург;Победа;Низкая;5137;83,4;145,97;749847,89;37492,39;712355,5;395484,63;316870,87;20.06.2023;6;Июнь;2023
Средний бизнес;Владивосток;Бабаевский;Высокая;8192;223,96;356,14;2917498,88;641849,75;2275649,13;1659239,56;616409,57;03.10.2023;10;Октябрь;2023
Малый бизнес;Москва;Победа;Средняя;2890;81,56;143,95;416015,5;49921,86;366093,64;223942,74;142150,9;05.05.2024;5;Май;2024
Средний бизнес;Казань;Сударушка;Низкая;4268;99,03;195,59;834778,12;41738,91;793039,21;397265,01;395774,2;23.11.2023;11;Ноябрь;2023
Средний бизнес;Владивосток;Вдохновение;Без скидки;8050;329,31;640,91;5159325,5;0;5159325,5;2386677,74;2772647,76;27.09.2024;9;Сентябрь;2024
Крупный бизнес;Москва;Победа;Высокая;1717;77;142,54;244741,18;53843,06;190898,12;128470,22;62427,9;24.04.2024;4;Апрель;2024
Крупный бизнес;Екатеринбург;Аленка;Средняя;649;132,72;224,56;145739,44;17488,73;128250,71;76423,87;51826,84;16.09.2024;9;Сентябрь;2024
Малый бизнес;Москва;Аленка;Без скидки;694;146,82;277,73;192744,62;0;192744,62;96216,47;96528,15;11.08.2023;8;Август;2023
Госсектор;Нижний Новгород;Сударушка;Высокая;2078;87,53;133,98;278410,44;61250,3;217160,14;173588,49;43571,65;01.06.2023;6;Июнь;2023
Средний бизнес;Новосибирск;Бабаевский;Высокая;6612;226,58;383,88;2538214,56;558407,2;1979807,36;1362092,66;617714,7;08.04.2023;4;Апрель;2023
Средний бизнес;Санкт-Петербург;Вдохновение;Высокая;2031;334,09;545,53;1107971,43;243753,71;864217,72;635870,81;228346,91;20.01.2022;1;Январь;2022
Крупный бизнес;Санкт-Петербург;Бабаевский;Без скидки;11066;213,58;378,97;4193682,02;0;4193682,02;2323191,39;1870490,63;15.07.2022;7;Июль;2022
Партнёрский канал;Москва;Сударушка;Средняя;11842;85,54;145,98;1728695,16;207443,42;1521251,74;897068,79;624182,95;02.06.2022;6;Июнь;2022
Средний бизнес;Москва;Сударушка;Низкая;756;102,51;183,52;138741,12;6937,06;131804,06;75193,6;56610,46;26.03.2024;3;Март;2024
Госсектор;Новосибирск;Сударушка;Средняя;9784;89,15;146,37;1432084,08;171850,09;1260233,99;861413,03;398820,96;11.11.2023;11;Ноябрь;2023
Малый бизнес;Казань;Вдохновение;Высокая;8704;363,68;585,3;5094451,2;1120779,26;3973671,94;2822720,81;1150951,13;21.04.2023;4;Апрель;2023
Госсектор;Краснодар;Победа;Без скидки;5847;67,05;104,26;609608,22;0;609608,22;391692,55;217915,67;01.10.2024;10;Октябрь;2024
Крупный бизнес;Краснодар;Победа;Без скидки;7575;73,59;131,68;997476;0;997476;515975,26;481500,74;28.08.2023;8;Август;2023
Крупный бизнес;Санкт-Петербург;Аленка;Низкая;3026;134,03;259,74;785973,24;39298,66;746674,58;364414,3;382260,28;08.03.2024;3;Март;2024
Средний бизнес;Краснодар;Аленка;Высокая;585;145,52;244,99;143319,15;31530,21;111788,94;82691,23;29097,71;29.07.2022;7;Июль;2022
Крупный бизнес;Санкт-Петербург;Сударушка;Без скидки;7853;95,32;165,32;1298257,96;0;1298257,96;668000,57;630257,39;03.07.2022;7;Июль;2022
Средний бизнес;Санкт-Петербург;Победа;Низкая;6811;76,45;126,93;864520,23;43226,01;821294,22;506902,53;314391,69;13.05.2023;5;Май;2023
Партнёрский канал;Казань;Вдохновение;Без скидки;3277;275,5;434,15;1422709,55;0;1422709,55;847899,75;574809,8;10.05.2022;5;Май;2022
Крупный бизнес;Нижний Новгород;Красная Шапочка;Без скидки;5411;114,89;161,73;875121,03;0;875121,03;565846,31;309274,72;21.05.2023;5;Май;2023
Малый бизнес;Екатеринбург;Бабаевский;Высокая;2719;232,44;479,2;1302944,8;286647,86;1016296,94;581359,36;434937,58;18.02.2024;2;Февраль;2024
Средний бизнес;Владивосток;Красная Шапочка;Без скидки;11166;124,19;180,34;2013676,44;0;2013676,44;1273661,05;740015,39;16.02.2023;2;Февраль;2023
Малый бизнес;Краснодар;Сударушка;Без скидки;5728;105,07;196,61;1126182,08;0;1126182,08;565081,04;561101,04;12.05.2023;5;Май;2023
Средний бизнес;Нижний Новгород;Красная Шапочка;Без скидки;6480;117,95;209,11;1355032,8;0;1355032,8;726915,91;628116,89;04.01.2023;1;Январь;2023
Партнёрский канал;Москва;Вдохновение;Без скидки;3934;280,56;440,06;1731196,04;0;1731196,04;1063040,07;668155,97;17.04.2024;4;Апрель;2024
Малый бизнес;Казань;Вдохновение;Низкая;4465;353,08;517,48;2310548,2;115527,41;2195020,79;1467369,39;727651,4;12.02.2024;2;Февраль;2024
Госсектор;Владивосток;Победа;Без скидки;10039;68,59;118,66;1191227,74;0;1191227,74;681997,1;509230,64;06.05.2024;5;Май;2024
Партнёрский канал;Москва;Красная Шапочка;Высокая;2291;102,83;189,54;434236,14;95531,95;338704,19;217349,61;121354,58;01.04.2022;4;Апрель;2022
Партнёрский канал;Нижний Новгород;Красная Шапочка;Без скидки;2235;98,23;151,67;338982,45;0;338982,45;206652,68;132329,77;28.11.2024;11;Ноябрь;2024
Партнёрский канал;Екатеринбург;Бабаевский;Низкая;6908;184,39;342,9;2368753,2;118437,66;2250315,54;1226448,86;1023866,68;05.11.2022;11;Ноябрь;2022
Средний бизнес;Москва;Бабаевский;Высокая;5340;219,39;454,42;2426602,8;533852,62;1892750,18;1047275,11;845475,07;18.10.2022;10;Октябрь;2022
Средний бизнес;Новосибирск;Красная Шапочка;Без скидки;3889;120,9;194,8;757577,2;0;757577,2;419266,54;338310,66;15.07.2024;7;Июль;2024
Средний бизнес;Санкт-Петербург;Красная Шапочка;Высокая;2385;117,29;188,52;449620,2;98916,44;350703,76;249839,38;100864,38;03.12.2022;12;Декабрь;2022
Крупный бизнес;Казань;Победа;Средняя;5922;75,27;155,72;922173,84;110660,86;811512,98;404660,99;406851,99;09.04.2024;4;Апрель;2024
Крупный бизнес;Казань;Вдохновение;Без скидки;6981;310,96;563,02;3930442,62;0;3930442,62;1961716,85;1968725,77;29.05.2024;5;Май;2024
Малый бизнес;Москва;Вдохновение;Средняя;3871;353,63;664,05;2570537,55;308464,51;2262073,04;1335392,34;926680,7;28.07.2022;7;Июль;2022
Партнёрский канал;Казань;Красная Шапочка;Низкая;3728;100,94;156,13;582052,64;29102,63;552950,01;370101,46;182848,55;16.12.2024;12;Декабрь;2024
Средний бизнес;Нижний Новгород;Победа;Без скидки;10117;76,93;124,16;1256126,72;0;1256126,72;727667,1;528459,62;20.12.2022;12;Декабрь;2022
Средний бизнес;Санкт-Петербург;Вдохновение;Средняя;5631;328,3;518,4;2919110,4;350293,25;2568817,15;1667424,81;901392,34;17.10.2022;10;Октябрь;2022
Партнёрский канал;Нижний Новгород;Бабаевский;Средняя;9917;183,51;273,3;2710316,1;325237,93;2385078,17;1740267,97;644810,2;21.12.2022;12;Декабрь;2022
Партнёрский канал;Казань;Бабаевский;Низкая;2798;181,33;359,3;1005321,4;50266,07;955055,33;484189,74;470865,59;06.01.2024;1;Январь;2024
Госсектор;Владивосток;Сударушка;Средняя;6790;89,83;155,32;1054622,8;126554,74;928068,06;572980,78;355087,28;04.10.2024;10;Октябрь;2024
Малый бизнес;Владивосток;Бабаевский;Средняя;1854;236,12;459,7;852283,8;102274,06;750009,74;396819,35;353190,39;08.03.2022;3;Март;2022
Средний бизнес;Екатеринбург;Победа;Низкая;3255;80,08;142,08;462470,4;23123,52;439346,88;253545,86;185801,02;11.10.2024;10;Октябрь;2024
Партнёрский канал;Санкт-Петербург;Победа;Высокая;4889;67,09;132;645348;141976,56;503371,44;303082,46;200288,98;27.03.2022;3;Март;2022
Малый бизнес;Екатеринбург;Бабаевский;Высокая;11209;238,75;375,62;4210324,58;926271,41;3284053,17;2675928,02;608125,15;10.07.2024;7;Июль;2024
Средний бизнес;Краснодар;Аленка;Без скидки;2423;144,09;220,13;533374,99;0;533374,99;341199,35;192175,64;20.12.2023;12;Декабрь;2023
Партнёрский канал;Нижний Новгород;Сударушка;Средняя;3885;85,17;166,43;646580,55;77589,67;568990,88;313814,71;255176,17;26.12.2024;12;Декабрь;2024
Средний бизнес;Казань;Красная Шапочка;Низкая;5240;121,28;250,36;1311886,4;65594,32;1246292,08;598476,07;647816,01;15.07.2022;7;Июль;2022
Крупный бизнес;Нижний Новгород;Аленка;Низкая;11246;131,98;263,9;2967819,4;148390,97;2819428,43;1350607,36;1468821,07;22.10.2023;10;Октябрь;2023
Крупный бизнес;Нижний Новгород;Бабаевский;Средняя;9960;211,67;385,42;3838783,2;460653,98;3378129,22;1950159,31;1427969,91;04.06.2022;6;Июнь;2022
Госсектор;Нижний Новгород;Победа;Низкая;11882;70,81;115,19;1368687,58;68434,38;1300253,2;836341,89;463911,31;02.11.2023;11;Ноябрь;2023
Партнёрский канал;Москва;Вдохновение;Высокая;8011;283,88;531,7;4259448,7;937078,71;3322369,99;2233256,74;1089113,25;30.12.2024;12;Декабрь;2024
Малый бизнес;Екатеринбург;Бабаевский;Средняя;8605;231,93;457,19;3934119,95;472094,39;3462025,56;1837156,02;1624869,54;25.09.2022;9;Сентябрь;2022
Партнёрский канал;Владивосток;Красная Шапочка;Высокая;1252;98,77;191,41;239645,32;52721,97;186923,35;115640,66;71282,69;12.09.2022;9;Сентябрь;2022
Крупный бизнес;Владивосток;Бабаевский;Высокая;7509;206,25;384,95;2890589,55;635929,7;2254659,85;1387399,25;867260,6;11.09.2023;9;Сентябрь;2023
Крупный бизнес;Новосибирск;Аленка;Низкая;4602;131,62;243,28;1119574,56;55978,73;1063595,83;580196,06;483399,77;17.04.2022;4;Апрель;2022
Малый бизнес;Новосибирск;Вдохновение;Средняя;7532;361,74;679,27;5116261,64;613951,4;4502310,24;2398025,77;2104284,47;03.09.2024;9;Сентябрь;2024
Госсектор;Казань;Победа;Средняя;9010;69,75;94,65;852796,5;102335,58;750460,92;605491,35;144969,57;04.09.2022;9;Сентябрь;2022
Малый бизнес;Казань;Бабаевский;Высокая;4251;233,55;443,29;1884425,79;414573,67;1469852,12;885885,55;583966,57;04.10.2023;10;Октябрь;2023
Средний бизнес;Новосибирск;Сударушка;Без скидки;2681;100,6;186,9;501078,9;0;501078,9;239557,71;261521,19;18.01.2022;1;Январь;2022
Партнёрский канал;Казань;Бабаевский;Низкая;3990;186,22;272,54;1087434,6;54371,73;1033062,87;690564,6;342498,27;25.06.2024;6;Июнь;2024
Крупный бизнес;Санкт-Петербург;Аленка;Средняя;2517;135,73;222,33;559604,61;67152,55;492452,06;340125,76;152326,3;07.10.2023;10;Октябрь;2023
Крупный бизнес;Екатеринбург;Красная Шапочка;Высокая;4565;115,37;207,67;948013,55;208562,98;739450,57;501864,06;237586,51;24.02.2022;2;Февраль;2022
Средний бизнес;Екатеринбург;Победа;Средняя;6918;77,78;108,19;748458,42;89815,01;658643,41;531490,27;127153,14;06.05.2023;5;Май;2023
Малый бизнес;Нижний Новгород;Аленка;Средняя;8685;152,45;213,93;1857982,05;222957,85;1635024,2;1306348,43;328675,77;25.01.2022;1;Январь;2022
Средний бизнес;Краснодар;Сударушка;Без скидки;9812;99,28;174,71;1714254,52;0;1714254,52;877435,32;836819,2;22.08.2024;8;Август;2024
Госсектор;Москва;Победа;Высокая;725;68,02;93,86;68048,5;14970,67;53077,83;43754,6;9323,23;26.03.2024;3;Март;2024
Партнёрский канал;Новосибирск;Вдохновение;Без скидки;7439;285,01;402,38;2993304,82;0;2993304,82;2002280,95;991023,87;09.11.2022;11;Ноябрь;2022
Средний бизнес;Санкт-Петербург;Красная Шапочка;Высокая;8877;123,8;257,59;2286626,43;503057,81;1783568,62;987586,51;795982,11;01.11.2023;11;Ноябрь;2023
Малый бизнес;Санкт-Петербург;Красная Шапочка;Без скидки;4409;125,38;177,37;782024,33;0;782024,33;515286,29;266738,04;17.07.2024;7;Июль;2024
Партнёрский канал;Москва;Красная Шапочка;Средняя;2456;98,24;142,73;350544,88;42065,39;308479,49;212652,78;95826,71;13.10.2024;10;Октябрь;2024
Средний бизнес;Новосибирск;Сударушка;Низкая;2579;101,24;203;523537;26176,85;497360,15;252730,37;244629,78;30.08.2022;8;Август;2022
Госсектор;Краснодар;Бабаевский;Низкая;9082;188,14;354,5;3219569;160978,45;3058590,55;1621883,08;1436707,47;07.06.2022;6;Июнь;2022
Малый бизнес;Владивосток;Победа;Низкая;1408;84;149,11;209946,88;10497,34;199449,54;109297,82;90151,72;07.06.2023;6;Июнь;2023
Госсектор;Санкт-Петербург;Сударушка;Высокая;1221;89,28;121,35;148168,35;32597,04;115571,31;96531,07;19040,24;16.01.2024;1;Январь;2024
Малый бизнес;Казань;Сударушка;Высокая;9558;108,34;204,28;1952508,24;429551,81;1522956,43;992730,84;530225,59;05.04.2023;4;Апрель;2023
Средний бизнес;Екатеринбург;Бабаевский;Низкая;4944;224,81;399,86;1976907,84;98845,39;1878062,45;994010,5;884051,95;18.04.2022;4;Апрель;2022
Крупный бизнес;Екатеринбург;Победа;Высокая;7068;73,06;124,12;877280,16;193001,64;684278,52;471915,1;212363,42;29.09.2023;9;Сентябрь;2023
Средний бизнес;Санкт-Петербург;Победа;Без скидки;630;78,13;122,56;77212,8;0;77212,8;47949,06;29263,74;12.05.2023;5;Май;2023
Малый бизнес;Краснодар;Победа;Без скидки;3701;85,17;149,89;554742,89;0;554742,89;307496,73;247246,16;05.11.2022;11;Ноябрь;2022
Госсектор;Нижний Новгород;Аленка;Средняя;9372;123,06;243,62;2283206,64;273984,8;2009221,84;1136322,83;872899,01;18.11.2023;11;Ноябрь;2023
Госсектор;Нижний Новгород;Вдохновение;Низкая;2203;289,19;603,64;1329818,92;66490,95;1263327,97;592730,34;670597,63;03.05.2022;5;Май;2022
Крупный бизнес;Новосибирск;Аленка;Высокая;4292;138,22;240,48;1032140,16;227070,84;805069,32;571943,88;233125,44;02.02.2024;2;Февраль;2024
Малый бизнес;Санкт-Петербург;Победа;Высокая;8780;82,15;161,42;1417267,6;311798,87;1105468,73;641200,58;464268,15;08.05.2022;5;Май;2022
Малый бизнес;Казань;Сударушка;Низкая;4776;108,64;222,12;1060845,12;53042,26;1007802,86;481067,59;526735,27;31.10.2023;10;Октябрь;2023
Средний бизнес;Владивосток;Красная Шапочка;Средняя;1723;123,96;180;310140;37216,8;272923,2;207691,94;65231,26;12.08.2022;8;Август;2022
Крупный бизнес;Санкт-Петербург;Сударушка;Без скидки;8135;93,94;135,33;1100909,55;0;1100909,55;705354,15;395555,4;02.03.2023;3;Март;2023
Малый бизнес;Новосибирск;Бабаевский;Низкая;2464;229,42;448,68;1105547,52;55277,38;1050270,14;518092,37;532177,77;24.03.2022;3;Март;2022
Крупный бизнес;Краснодар;Сударушка;Высокая;4566;97,67;160,88;734578,08;161607,18;572970,9;395065,48;177905,42;05.09.2023;9;Сентябрь;2023
Средний бизнес;Казань;Аленка;Без скидки;7908;142,23;250,69;1982456,52;0;1982456,52;1002569,38;979887,14;28.07.2022;7;Июль;2022
Крупный бизнес;Санкт-Петербург;Аленка;Высокая;4141;132,01;259,76;1075666,16;236646,56;839019,6;505473,34;333546,26;22.06.2022;6;Июнь;2022
Партнёрский канал;Новосибирск;Аленка;Высокая;1556;116,65;213,99;332968,44;73253,06;259715,38;177353,76;82361,62;08.07.2022;7;Июль;2022
Средний бизнес;Санкт-Петербург;Аленка;Без скидки;1329;138,93;247,35;328728,15;0;328728,15;180687,13;148041,02;19.03.2024;3;Март;2024
Малый бизнес;Москва;Бабаевский;Без скидки;3331;233,14;473,56;1577428,36;0;1577428,36;709024,37;868403,99;02.07.2024;7;Июль;2024
Крупный бизнес;Москва;Победа;Средняя;11105;74,08;122,9;1364804,5;163776,54;1201027,96;778302,83;422725,13;05.05.2022;5;Май;2022
Госсектор;Новосибирск;Бабаевский;Средняя;7368;189,72;382;2814576;337749,12;2476826,88;1318315,67;1158511,21;09.02.2022;2;Февраль;2022
Малый бизнес;Краснодар;Бабаевский;Без скидки;6136;241,02;416,19;2553741,84;0;2553741,84;1370356,06;1183385,78;04.01.2023;1;Январь;2023
Госсектор;Краснодар;Победа;Средняя;980;70,64;136,61;133877,8;16065,34;117812,46;61406,67;56405,79;24.08.2024;8;Август;2024
Партнёрский канал;Краснодар;Победа;Средняя;3115;64,42;118,7;369750,5;44370,06;325380,44;183006,13;142374,31;25.04.2022;4;Апрель;2022
Крупный бизнес;Нижний Новгород;Красная Шапочка;Средняя;3385;113,18;179,79;608589,15;73030,7;535558,45;371074,02;164484,43;05.01.2024;1;Январь;2024
Партнёрский канал;Москва;Вдохновение;Низкая;9800;282,67;500,98;4909604;245480,2;4664123,8;2500318,7;2163805,1;05.10.2024;10;Октябрь;2024
Партнёрский канал;Новосибирск;Сударушка;Без скидки;1121;81,54;124,31;139351,51;0;139351,51;82837,64;56513,87;14.12.2024;12;Декабрь;2024
Малый бизнес;Москва;Красная Шапочка;Средняя;2637;127,57;189,2;498920,4;59870,45;439049,95;328426,31;110623,64;25.10.2023;10;Октябрь;2023
Госсектор;Москва;Сударушка;Средняя;2317;89,22;178,04;412518,68;49502,24;363016,44;205744,33;157272,11;05.02.2024;2;Февраль;2024
Малый бизнес;Санкт-Петербург;Красная Шапочка;Низкая;5785;125,99;184,97;1070051,45;53502,57;1016548,88;724364,77;292184,11;24.09.2024;9;Сентябрь;2024
Средний бизнес;Казань;Вдохновение;Низкая;4157;339,34;665,39;2766026,23;138301,31;2627724,92;1305411,5;1322313,42;27.08.2023;8;Август;2023
Крупный бизнес;Казань;Вдохновение;Высокая;9885;317,92;666,27;6586078,95;1448937,37;5137141,58;3129509,48;2007632,1;08.03.2022;3;Март;2022
Крупный бизнес;Краснодар;Победа;Средняя;10979;75,29;154,53;1696584,87;203590,18;1492994,69;741366,69;751628;09.06.2022;6;Июнь;2022
Крупный бизнес;Краснодар;Красная Шапочка;Средняя;10923;117,66;166,67;1820536,41;218464,37;1602072,04;1240315,72;361756,32;19.11.2023;11;Ноябрь;2023
Малый бизнес;Москва;Красная Шапочка;Средняя;4588;130,29;210,14;964122,32;115694,68;848427,64;582492,94;265934,7;03.01.2022;1;Январь;2022
Госсектор;Нижний Новгород;Бабаевский;Без скидки;3225;197,66;339,94;1096306,5;0;1096306,5;589928,48;506378,02;08.02.2024;2;Февраль;2024
Госсектор;Владивосток;Победа;Средняя;3164;68,8;134,12;424355,68;50922,68;373433;192434,02;180998,98;11.02.2022;2;Февраль;2022
Средний бизнес;Новосибирск;Аленка;Высокая;6100;138,94;226,69;1382809;304217,98;1078591,02;820275,79;258315,23;10.07.2022;7;Июль;2022
Средний бизнес;Владивосток;Вдохновение;Высокая;7566;344,92;508,33;3846024,78;846125,45;2999899,33;2575139,88;424759,45;18.11.2022;11;Ноябрь;2022
Госсектор;Санкт-Петербург;Красная Шапочка;Средняя;3612;105,22;185,77;671001,24;80520,15;590481,09;376660,31;213820,78;28.06.2023;6;Июнь;2023
Средний бизнес;Новосибирск;Сударушка;Высокая;1313;99,11;174,66;229328,58;50452,29;178876,29;122182,19;56694,1;22.04.2022;4;Апрель;2022
Средний бизнес;Москва;Бабаевский;Высокая;5325;224,79;408,85;2177126,25;478967,78;1698158,47;1122360,7;575797,77;18.07.2022;7;Июль;2022
Госсектор;Екатеринбург;Сударушка;Низкая;1842;87,26;125,36;230913,12;11545,66;219367,46;156583,63;62783,83;22.08.2024;8;Август;2024
Малый бизнес;Новосибирск;Аленка;Без скидки;3529;150,03;245,46;866228,34;0;866228,34;477775,66;388452,68;02.04.2022;4;Апрель;2022
Средний бизнес;Владивосток;Бабаевский;Низкая;4206;224,96;398,9;1677773,4;83888,67;1593884,73;849799,6;744085,13;18.07.2022;7;Июль;2022
Госсектор;Краснодар;Победа;Без скидки;10162;67,87;94,73;962646,26;0;962646,26;638969,76;323676,5;06.12.2024;12;Декабрь;2024
Малый бизнес;Владивосток;Победа;Средняя;8303;82,99;136,61;1134272,83;136112,74;998160,09;676988,56;321171,53;13.03.2022;3;Март;2022
Партнёрский канал;Казань;Аленка;Без скидки;3332;122;180;599760;0;599760;368059,62;231700,38;30.01.2023;1;Январь;2023
Крупный бизнес;Москва;Бабаевский;Высокая;11692;209,19;438,87;5131268,04;1128878,97;4002389,07;2336439,65;1665949,42;13.06.2023;6;Июнь;2023
Средний бизнес;Санкт-Петербург;Аленка;Без скидки;9615;140,88;224,65;2160009,75;0;2160009,75;1236909,57;923100,18;27.07.2024;7;Июль;2024
Госсектор;Нижний Новгород;Аленка;Без скидки;2951;121,58;217,74;642550,74;0;642550,74;348379,78;294170,96;25.07.2022;7;Июль;2022
Госсектор;Санкт-Петербург;Красная Шапочка;Низкая;7232;104,3;192,03;1388760,96;69438,05;1319322,91;715558,98;603763,93;26.08.2024;8;Август;2024
Госсектор;Казань;Красная Шапочка;Без скидки;2856;106,55;198,25;566202;0;566202;282459,52;283742,48;21.03.2024;3;Март;2024
Средний бизнес;Екатеринбург;Аленка;Без скидки;4900;145,13;198,13;970837;0;970837;695553,36;275283,64;13.09.2023;9;Сентябрь;2023
Средний бизнес;Новосибирск;Бабаевский;Высокая;4234;215,66;448,72;1899880,48;417973,71;1481906,77;852084,66;629822,11;20.10.2023;10;Октябрь;2023
Средний бизнес;Нижний Новгород;Победа;Высокая;3579;78,47;159,69;571530,51;125736,71;445793,8;260865;184928,8;19.09.2024;9;Сентябрь;2024
Партнёрский канал;Краснодар;Аленка;Средняя;1575;117,45;203,2;320040;38404,8;281635,2;165796,86;115838,34;09.12.2024;12;Декабрь;2024
Партнёрский канал;Москва;Сударушка;Средняя;3788;85,29;131,1;496606,8;59592,82;437013,98;302005,35;135008,63;09.01.2024;1;Январь;2024
Крупный бизнес;Новосибирск;Красная Шапочка;Без скидки;8775;114,29;233,42;2048260,5;0;2048260,5;964524,92;1083735,58;11.05.2023;5;Май;2023
Средний бизнес;Владивосток;Победа;Без скидки;3409;80,93;138,06;470646,54;0;470646,54;261036,45;209610,09;07.12.2023;12;Декабрь;2023
Крупный бизнес;Новосибирск;Вдохновение;Высокая;5170;310,93;431,33;2229976,1;490594,74;1739381,36;1579310,09;160071,27;15.03.2023;3;Март;2023
Крупный бизнес;Екатеринбург;Вдохновение;Средняя;4908;322,91;560,24;2749657,92;329958,95;2419698,97;1559097,45;860601,52;19.01.2022;1;Январь;2022
Малый бизнес;Казань;Вдохновение;Средняя;10349;364,87;553,81;5731379,69;687765,56;5043614,13;3598570,55;1445043,58;18.09.2023;9;Сентябрь;2023
Средний бизнес;Нижний Новгород;Бабаевский;Низкая;8020;217,22;369,28;2961625,6;148081,28;2813544,32;1674621,44;1138922,88;24.03.2024;3;Март;2024
Партнёрский канал;Санкт-Петербург;Аленка;Низкая;9698;119,85;216,54;2100004,92;105000,25;1995004,67;1064459,08;930545,59;10.08.2022;8;Август;2022
Малый бизнес;Санкт-Петербург;Красная Шапочка;Низкая;10995;127,45;198,52;2182727,4;109136,37;2073591,03;1343486,67;730104,36;04.09.2023;9;Сентябрь;2023
Крупный бизнес;Казань;Победа;Средняя;1430;76,37;149,06;213155,8;25578,7;187577,1;103967,5;83609,6;17.10.2023;10;Октябрь;2023
Крупный бизнес;Москва;Вдохновение;Без скидки;5343;315,38;524,77;2803846,11;0;2803846,11;1561379;1242467,11;14.03.2022;3;Март;2022
Партнёрский канал;Екатеринбург;Красная Шапочка;Средняя;11744;101,41;196,6;2308870,4;277064,45;2031805,95;1177600,27;854205,68;05.01.2024;1;Январь;2024
Партнёрский канал;Новосибирск;Сударушка;Средняя;5313;81,58;117,96;626721,48;75206,58;551514,9;394875,43;156639,47;10.01.2023;1;Январь;2023
Средний бизнес;Санкт-Петербург;Сударушка;Низкая;4159;101,21;159,94;665190,46;33259,52;631930,94;410228,44;221702,5;10.11.2023;11;Ноябрь;2023
Средний бизнес;Новосибирск;Победа;Низкая;8098;80,41;136,93;1108859,14;55442,96;1053416,18;640720,26;412695,92;26.05.2022;5;Май;2022
Малый бизнес;Екатеринбург;Победа;Высокая;11652;83,4;131,25;1529325;336451,5;1192873,5;861467,92;331405,58;05.11.2022;11;Ноябрь;2022
Крупный бизнес;Екатеринбург;Красная Шапочка;Без скидки;9829;117,71;246,01;2418032,29;0;2418032,29;1038019,75;1380012,54;05.01.2023;1;Январь;2023
Госсектор;Владивосток;Красная Шапочка;Средняя;5634;106,65;144,35;813267,9;97592,15;715675,75;548484,6;167191,15;12.12.2022;12;Декабрь;2022
Партнёрский канал;Казань;Бабаевский;Высокая;2620;186,07;339,6;889752;195745,44;694006,56;452601,68;241404,88;04.09.2024;9;Сентябрь;2024
Малый бизнес;Москва;Аленка;Средняя;6612;155,28;313,51;2072928,12;248751,37;1824176,75;996753,7;827423,05;23.12.2024;12;Декабрь;2024
Крупный бизнес;Москва;Вдохновение;Высокая;10767;324,49;493,13;5309530,71;1168096,76;4141433,95;3442209,35;699224,6;02.10.2023;10;Октябрь;2023
Крупный бизнес;Санкт-Петербург;Бабаевский;Низкая;3236;204,52;283,11;916143,96;45807,2;870336,76;657733,72;212603,04;22.07.2024;7;Июль;2024
Партнёрский канал;Краснодар;Бабаевский;Средняя;6115;190,3;326,87;1998810,05;239857,21;1758952,84;1128790,11;630162,73;04.12.2022;12;Декабрь;2022
Малый бизнес;Москва;Сударушка;Средняя;2649;104,56;142,87;378462,63;45415,52;333047,11;260514,68;72532,43;10.09.2022;9;Сентябрь;2022
Средний бизнес;Москва;Бабаевский;Низкая;9261;222,13;398,82;3693472,02;184673,6;3508798,42;1822127,8;1686670,62;10.08.2022;8;Август;2022
Госсектор;Москва;Вдохновение;Высокая;7328;293,42;423,32;3102088,96;682459,57;2419629,39;1957371,94;462257,45;10.11.2022;11;Ноябрь;2022
Крупный бизнес;Москва;Красная Шапочка;Без скидки;11340;112,25;195,34;2215155,6;0;2215155,6;1215297,44;999858,16;08.10.2022;10;Октябрь;2022
Малый бизнес;Санкт-Петербург;Победа;Высокая;5131;82,05;117,31;601917,61;132421,87;469495,74;380514,32;88981,42;14.02.2023;2;Февраль;2023
Средний бизнес;Екатеринбург;Красная Шапочка;Без скидки;5339;118,29;208,32;1112220,48;0;1112220,48;624756,59;487463,89;11.09.2024;9;Сентябрь;2024
Средний бизнес;Екатеринбург;Аленка;Высокая;11504;138,25;198,09;2278827,36;501342,02;1777485,34;1509154,48;268330,86;08.10.2024;10;Октябрь;2024
Крупный бизнес;Санкт-Петербург;Победа;Высокая;2159;76,82;140,83;304051,97;66891,43;237160,54;155042,36;82118,18;30.08.2023;8;Август;2023
Средний бизнес;Владивосток;Аленка;Высокая;3362;144,93;288,29;969230,98;213230,82;756000,16;449846,05;306154,11;03.10.2023;10;Октябрь;2023
Малый бизнес;Санкт-Петербург;Аленка;Высокая;658;154,39;285,24;187687,92;41291,34;146396,58;91476,64;54919,94;03.01.2024;1;Январь;2024
Малый бизнес;Новосибирск;Вдохновение;Высокая;6605;365,17;543,06;3586911,3;789120,49;2797790,81;2238512,64;559278,17;23.07.2024;7;Июль;2024
Средний бизнес;Нижний Новгород;Вдохновение;Без скидки;7409;339;660,26;4891866,34;0;4891866,34;2244327,91;2647538,43;01.05.2022;5;Май;2022
Крупный бизнес;Санкт-Петербург;Бабаевский;Без скидки;9821;212,25;315,39;3097445,19;0;3097445,19;1929357,57;1168087,62;05.01.2024;1;Январь;2024
Партнёрский канал;Москва;Вдохновение;Средняя;8414;288,7;414,2;3485078,8;418209,46;3066869,34;2257514,33;809355,01;05.04.2022;4;Апрель;2022
Госсектор;Новосибирск;Вдохновение;Низкая;702;298,01;553,84;388795,68;19439,78;369355,9;203366,98;165988,92;04.04.2023;4;Апрель;2023
Средний бизнес;Санкт-Петербург;Бабаевский;Средняя;8395;218,46;405,73;3406103,35;408732,4;2997370,95;1698597,43;1298773,52;22.04.2022;4;Апрель;2022
Госсектор;Казань;Победа;Без скидки;8623;70,53;99,18;855229,14;0;855229,14;571079,83;284149,31;09.05.2023;5;Май;2023
Средний бизнес;Новосибирск;Аленка;Средняя;9519;142,97;236,25;2248863,75;269863,65;1979000,1;1235997,92;743002,18;29.07.2024;7;Июль;2024
Малый бизнес;Владивосток;Аленка;Без скидки;7824;149,53;311,85;2439914,4;0;2439914,4;1134156,63;1305757,77;06.02.2022;2;Февраль;2022
Госсектор;Нижний Новгород;Бабаевский;Высокая;9628;193,77;381,62;3674237,36;808332,22;2865905,14;1819003,23;1046901,91;16.09.2023;9;Сентябрь;2023
Партнёрский канал;Екатеринбург;Вдохновение;Без скидки;6084;279,29;388,41;2363086,44;0;2363086,44;1540750,22;822336,22;19.07.2024;7;Июль;2024
Средний бизнес;Владивосток;Вдохновение;Низкая;7914;328,22;630,01;4985899,14;249294,96;4736604,18;2354948,56;2381655,62;01.12.2023;12;Декабрь;2023
Средний бизнес;Новосибирск;Победа;Низкая;2241;76,6;112,84;252874,44;12643,72;240230,72;153954,48;86276,24;18.04.2024;4;Апрель;2024
Госсектор;Новосибирск;Победа;Средняя;3572;67,43;134,13;479112,36;57493,48;421618,88;218187,99;203430,89;26.01.2023;1;Январь;2023
Средний бизнес;Санкт-Петербург;Бабаевский;Высокая;10875;224,96;403,04;4383060;964273,2;3418786,8;2379548,02;1039238,78;11.07.2024;7;Июль;2024
Малый бизнес;Казань;Бабаевский;Высокая;9189;238,53;420,99;3868477,11;851064,96;3017412,15;2042668,67;974743,48;16.09.2024;9;Сентябрь;2024
Партнёрский канал;Казань;Вдохновение;Средняя;2603;274,9;506,68;1318888,04;158266,56;1160621,48;681746,61;478874,87;22.10.2023;10;Октябрь;2023
Партнёрский канал;Нижний Новгород;Бабаевский;Средняя;4982;183,67;295,18;1470586,76;176470,41;1294116,35;837540,47;456575,88;01.10.2022;10;Октябрь;2022
Крупный бизнес;Нижний Новгород;Победа;Низкая;11993;75,22;119,26;1430285,18;71514,26;1358770,92;873623,13;485147,79;22.03.2023;3;Март;2023
Крупный бизнес;Екатеринбург;Победа;Низкая;11749;74,3;137,77;1618659,73;80932,99;1537726,74;870995,52;666731,22;31.12.2022;12;Декабрь;2022
Партнёрский канал;Краснодар;Вдохновение;Высокая;6271;282,65;505,13;3167670,23;696887,45;2470782,78;1760304,85;710477,93;04.05.2024;5;Май;2024
Партнёрский канал;Новосибирск;Бабаевский;Высокая;9064;180,44;295,14;2675148,96;588532,77;2086616,19;1449661,77;636954,42;26.04.2022;4;Апрель;2022
Крупный бизнес;Новосибирск;Сударушка;Низкая;11696;93,58;185,25;2166684;108334,2;2058349,8;1053873,97;1004475,83;28.08.2023;8;Август;2023
Крупный бизнес;Москва;Красная Шапочка;Без скидки;2179;115,8;215;468485;0;468485;239062,35;229422,65;05.04.2023;4;Апрель;2023
Партнёрский канал;Нижний Новгород;Сударушка;Низкая;11853;84,43;172,65;2046420,45;102321,02;1944099,43;927200,32;1016899,11;03.10.2023;10;Октябрь;2023
Партнёрский канал;Москва;Аленка;Низкая;3827;119,66;231,63;886448,01;44322,4;842125,61;450801,46;391324,15;07.04.2023;4;Апрель;2023
Средний бизнес;Екатеринбург;Вдохновение;Средняя;5319;334,97;699,28;3719470,32;446336,44;3273133,88;1583822,6;1689311,28;22.12.2022;12;Декабрь;2022
Партнёрский канал;Санкт-Петербург;Бабаевский;Высокая;7520;182,35;282,31;2122971,2;467053,66;1655917,54;1233200,63;422716,91;07.06.2023;6;Июнь;2023
Госсектор;Краснодар;Бабаевский;Средняя;1154;189,19;301,19;347573,26;41708,79;305864,47;193458,59;112405,88;09.09.2023;9;Сентябрь;2023
Малый бизнес;Краснодар;Аленка;Низкая;9108;148,66;221,19;2014598,52;100729,93;1913868,59;1202593,12;711275,47;31.10.2024;10;Октябрь;2024
Крупный бизнес;Нижний Новгород;Победа;Без скидки;2006;74,32;149,57;300037,42;0;300037,42;143062,87;156974,55;10.11.2023;11;Ноябрь;2023
Средний бизнес;Новосибирск;Сударушка;Без скидки;9696;101,69;212,11;2056618,56;0;2056618,56;868709,53;1187909,03;10.12.2023;12;Декабрь;2023
Малый бизнес;Екатеринбург;Вдохновение;Средняя;1153;362,33;576,36;664543,08;79745,17;584797,91;413552,02;171245,89;21.08.2022;8;Август;2022
Малый бизнес;Новосибирск;Победа;Низкая;904;86,07;169,26;153011,04;7650,55;145360,49;71971,34;73389,15;07.11.2024;11;Ноябрь;2024
Малый бизнес;Владивосток;Аленка;Низкая;11174;148,41;257,55;2877863,7;143893,19;2733970,51;1648027,49;1085943,02;09.12.2022;12;Декабрь;2022
Партнёрский канал;Москва;Вдохновение;Высокая;3953;284,48;549,1;2170592,3;477530,31;1693061,99;1106325,11;586736,88;18.05.2024;5;Май;2024
Госсектор;Екатеринбург;Победа;Без скидки;11093;70,31;98,72;1095100,96;0;1095100,96;750564,43;344536,53;18.02.2022;2;Февраль;2022
Малый бизнес;Краснодар;Аленка;Высокая;1700;147,16;286,32;486744;107083,68;379660,32;236905,41;142754,91;12.04.2023;4;Апрель;2023
Средний бизнес;Нижний Новгород;Бабаевский;Без скидки;10825;219,24;348;3767100;0;3767100;2199407,55;1567692,45;31.08.2022;8;Август;2022
Партнёрский канал;Москва;Вдохновение;Высокая;10094;273,92;544,06;5491741,64;1208183,16;4283558,48;2551837,36;1731721,12;26.10.2024;10;Октябрь;2024
Госсектор;Новосибирск;Вдохновение;Низкая;10437;287,1;552,37;5765085,69;288254,28;5476831,41;2794264,81;2682566,6;20.03.2024;3;Март;2024
Госсектор;Владивосток;Сударушка;Средняя;2734;88,69;172,73;472243,82;56669,26;415574,56;238098,35;177476,21;28.08.2023;8;Август;2023
Крупный бизнес;Новосибирск;Вдохновение;Низкая;682;321,03;567,04;386721,28;19336,06;367385,22;195907,13;171478,09;11.01.2022;1;Январь;2022
Партнёрский канал;Нижний Новгород;Победа;Высокая;5492;64,85;123,61;678866,12;149350,55;529515,57;344443,11;185072,46;10.03.2023;3;Март;2023
Малый бизнес;Казань;Сударушка;Средняя;4117;107,15;164,96;679140,32;81496,84;597643,48;394267,87;203375,61;22.04.2022;4;Апрель;2022
Партнёрский канал;Владивосток;Вдохновение;Высокая;5262;284,5;437,57;2302493,34;506548,53;1795944,81;1352859,34;443085,47;24.09.2024;9;Сентябрь;2024
Средний бизнес;Краснодар;Сударушка;Средняя;2139;98,46;138,08;295353,12;35442,37;259910,75;190223,46;69687,29;22.09.2024;9;Сентябрь;2024
Малый бизнес;Краснодар;Победа;Низкая;11861;84,42;149,77;1776421,97;88821,1;1687600,87;924945,26;762655,61;10.10.2023;10;Октябрь;2023
Малый бизнес;Казань;Аленка;Низкая;4533;153,79;289,76;1313482,08;65674,1;1247807,98;667084,2;580723,78;21.07.2023;7;Июль;2023
Средний бизнес;Казань;Вдохновение;Низкая;8363;335,25;542,79;4539352,77;226967,64;4312385,13;2570026,26;1742358,87;11.08.2022;8;Август;2022
Крупный бизнес;Санкт-Петербург;Красная Шапочка;Средняя;9324;112,91;214,55;2000464,2;240055,7;1760408,5;1005602,58;754805,92;04.06.2022;6;Июнь;2022
Госсектор;Москва;Победа;Без скидки;10167;67,81;93,41;949699,47;0;949699,47;628254,38;321445,09;24.08.2024;8;Август;2024
Крупный бизнес;Краснодар;Бабаевский;Средняя;10160;212,94;333,94;3392830,4;407139,65;2985690,75;2024498,01;961192,74;11.11.2024;11;Ноябрь;2024
Госсектор;Нижний Новгород;Красная Шапочка;Высокая;11357;104,14;215,88;2451749,16;539384,82;1912364,34;1180142,47;732221,87;06.12.2022;12;Декабрь;2022
Партнёрский канал;Казань;Бабаевский;Средняя;3435;185,54;329,21;1130836,35;135700,36;995135,99;627555,44;367580,55;27.10.2022;10;Октябрь;2022
Малый бизнес;Краснодар;Аленка;Средняя;8489;148,77;230,34;1955356,26;234642,75;1720713,51;1146824,81;573888,7;28.02.2023;2;Февраль;2023
Партнёрский канал;Краснодар;Бабаевский;Без скидки;7948;189,03;260,85;2073235,8;0;2073235,8;1439043,23;634192,57;31.07.2022;7;Июль;2022
Партнёрский канал;Новосибирск;Вдохновение;Низкая;9980;282,35;417,99;4171540,2;208577,01;3962963,19;2700745,95;1262217,24;19.01.2024;1;Январь;2024
Партнёрский канал;Санкт-Петербург;Победа;Низкая;6665;67,87;102,97;686295,05;34314,75;651980,3;420101,22;231879,08;08.12.2023;12;Декабрь;2023
Малый бизнес;Владивосток;Победа;Высокая;8722;85,93;144,36;1259107,92;277003,74;982104,18;680228,54;301875,64;19.11.2024;11;Ноябрь;2024
Средний бизнес;Екатеринбург;Сударушка;Средняя;3078;98,93;186,78;574908,84;68989,06;505919,78;272289,63;233630,15;17.04.2023;4;Апрель;2023
Малый бизнес;Краснодар;Вдохновение;Высокая;8389;362,17;619,04;5193126,56;1142487,84;4050638,72;2889050,87;1161587,85;21.04.2024;4;Апрель;2024
Госсектор;Екатеринбург;Аленка;Средняя;9896;124,89;181,22;1793353,12;215202,37;1578150,75;1163631,8;414518,95;28.10.2022;10;Октябрь;2022
Госсектор;Казань;Красная Шапочка;Средняя;8964;108,71;195,63;1753627,32;210435,28;1543192,04;923445,61;619746,43;08.02.2022;2;Февраль;2022
Средний бизнес;Санкт-Петербург;Сударушка;Без скидки;10437;102,7;205,45;2144281,65;0;2144281,65;965193,56;1179088,09;21.04.2024;4;Апрель;2024
Партнёрский канал;Казань;Победа;Средняя;10710;66,63;103,17;1104950,7;132594,08;972356,62;689988,62;282368;03.12.2023;12;Декабрь;2023
Малый бизнес;Санкт-Петербург;Сударушка;Без скидки;6815;104,05;141,76;966094,4;0;966094,4;668487,26;297607,14;29.10.2024;10;Октябрь;2024
Малый бизнес;Казань;Победа;Высокая;3406;83,88;151,91;517405,46;113829,2;403576,26;252750,15;150826,11;24.12.2024;12;Декабрь;2024
Партнёрский канал;Санкт-Петербург;Аленка;Без скидки;11303;116,16;209,39;2366735,17;0;2366735,17;1285781,71;1080953,46;02.06.2024;6;Июнь;2024
Партнёрский канал;Нижний Новгород;Красная Шапочка;Высокая;11930;101,38;154,31;1840918,3;405002,03;1435916,27;1180770,12;255146,15;20.02.2024;2;Февраль;2024
Средний бизнес;Санкт-Петербург;Бабаевский;Средняя;4670;220,2;335,67;1567578,9;188109,47;1379469,43;1010941,16;368528,27;04.08.2023;8;Август;2023
Партнёрский канал;Нижний Новгород;Красная Шапочка;Средняя;589;102,47;199;117211;14065,32;103145,68;57298,37;45847,31;30.08.2022;8;Август;2022
Партнёрский канал;Москва;Бабаевский;Средняя;11768;188,17;311,73;3668438,64;440212,64;3228226;1976980,36;1251245,64;22.05.2024;5;Май;2024
Партнёрский канал;Новосибирск;Красная Шапочка;Без скидки;9751;100,38;156,26;1523691,26;0;1523691,26;941290,4;582400,86;22.02.2023;2;Февраль;2023
Малый бизнес;Владивосток;Сударушка;Низкая;9660;106,75;164,43;1588393,8;79419,69;1508974,11;945407,06;563567,05;07.12.2023;12;Декабрь;2023
Малый бизнес;Казань;Вдохновение;Высокая;4264;357,25;669,66;2855430,24;628194,65;2227235,59;1370092,09;857143,5;16.03.2023;3;Март;2023
Партнёрский канал;Нижний Новгород;Красная Шапочка;Высокая;3133;100,53;183,66;575406,78;126589,49;448817,29;307566,58;141250,71;25.10.2022;10;Октябрь;2022
Малый бизнес;Нижний Новгород;Аленка;Высокая;4810;148,68;209,64;1008368,4;221841,05;786527,35;632572,8;153954,55;27.02.2024;2;Февраль;2024
Малый бизнес;Новосибирск;Вдохновение;Высокая;3371;361,42;606,91;2045893,61;450096,59;1595797,02;1101635,13;494161,89;27.11.2024;11;Ноябрь;2024
Средний бизнес;Екатеринбург;Аленка;Средняя;10579;138,94;191,33;2024080,07;242889,61;1781190,46;1335665,16;445525,3;01.01.2022;1;Январь;2022
Крупный бизнес;Санкт-Петербург;Красная Шапочка;Без скидки;6285;116,17;192,16;1207725,6;0;1207725,6;660063,31;547662,29;01.02.2022;2;Февраль;2022
Госсектор;Санкт-Петербург;Победа;Низкая;9660;70,72;113,93;1100563,8;55028,19;1045535,61;680145,57;365390,04;21.07.2023;7;Июль;2023
Крупный бизнес;Екатеринбург;Бабаевский;Без скидки;9919;203,76;301,82;2993752,58;0;2993752,58;1901342,65;1092409,93;29.05.2022;5;Май;2022
Партнёрский канал;Новосибирск;Красная Шапочка;Высокая;8909;103,97;208,68;1859130,12;409008,63;1450121,49;905499,64;544621,85;28.05.2023;5;Май;2023
Малый бизнес;Нижний Новгород;Победа;Без скидки;4485;85,3;176,65;792275,25;0;792275,25;357727,06;434548,19;01.08.2024;8;Август;2024
Партнёрский канал;Москва;Бабаевский;Высокая;4724;180,01;328,56;1552117,44;341465,84;1210651,6;849775,18;360876,42;16.04.2023;4;Апрель;2023
Средний бизнес;Нижний Новгород;Красная Шапочка;Высокая;11982;123,16;189,2;2266994,4;498738,77;1768255,63;1315089,26;453166,37;02.12.2023;12;Декабрь;2023
Госсектор;Казань;Бабаевский;Низкая;6292;189,94;338,15;2127639,8;106381,99;2021257,81;1077903,72;943354,09;25.01.2023;1;Январь;2023
Малый бизнес;Екатеринбург;Сударушка;Средняя;4848;104,53;157,01;761184,48;91342,14;669842,34;461134,39;208707,95;31.12.2023;12;Декабрь;2023
Крупный бизнес;Санкт-Петербург;Аленка;Высокая;11572;138,69;238,48;2759690,56;607131,92;2152558,64;1413605,86;738952,78;28.03.2022;3;Март;2022
Малый бизнес;Краснодар;Победа;Низкая;8566;86,01;172,94;1481404,04;74070,2;1407333,84;699144,32;708189,52;17.07.2023;7;Июль;2023
Малый бизнес;Казань;Победа;Низкая;7018;82,6;147,23;1033260,14;51663,01;981597,13;513891,06;467706,07;16.05.2024;5;Май;2024
Малый бизнес;Москва;Победа;Низкая;6950;85,82;165,8;1152310;57615,5;1094694,5;557598,41;537096,09;04.09.2022;9;Сентябрь;2022
Партнёрский канал;Владивосток;Красная Шапочка;Высокая;693;102,26;167,15;115834,95;25483,69;90351,26;63218,99;27132,27;11.01.2024;1;Январь;2024
Партнёрский канал;Новосибирск;Сударушка;Низкая;4385;82,44;170,56;747905,6;37395,28;710510,32;333002,97;377507,35;12.01.2023;1;Январь;2023
Малый бизнес;Нижний Новгород;Сударушка;Без скидки;11980;108,01;175,39;2101172,2;0;2101172,2;1200886,71;900285,49;12.07.2024;7;Июль;2024
Крупный бизнес;Казань;Победа;Средняя;2136;75,99;148,41;317003,76;38040,45;278963,31;153653,66;125309,65;20.02.2024;2;Февраль;2024
Крупный бизнес;Казань;Вдохновение;Средняя;8249;325,87;483,09;3985009,41;478201,13;3506808,28;2526685,8;980122,48;24.11.2024;11;Ноябрь;2024
Партнёрский канал;Краснодар;Бабаевский;Низкая;4611;185,49;329,41;1518909,51;75945,48;1442964,03;793549,17;649414,86;01.12.2022;12;Декабрь;2022
Госсектор;Екатеринбург;Красная Шапочка;Без скидки;10819;103,24;197,03;2131667,57;0;2131667,57;1017737,14;1113930,43;08.01.2024;1;Январь;2024
Партнёрский канал;Новосибирск;Красная Шапочка;Высокая;7246;98,9;197,85;1433621,1;315396,64;1118224,46;713457,59;404766,87;12.02.2023;2;Февраль;2023
Партнёрский канал;Казань;Красная Шапочка;Низкая;5826;102,25;175,42;1021996,92;51099,85;970897,07;576874,07;394023;10.06.2022;6;Июнь;2022
Малый бизнес;Новосибирск;Бабаевский;Средняя;3245;237,18;485,37;1575025,65;189003,08;1386022,57;716249,29;669773,28;08.04.2024;4;Апрель;2024
Госсектор;Санкт-Петербург;Сударушка;Низкая;4239;86,42;158,99;673958,61;33697,93;640260,68;353605;286655,68;20.03.2024;3;Март;2024
Средний бизнес;Владивосток;Красная Шапочка;Без скидки;7282;118,34;235,57;1715420,74;0;1715420,74;771272,06;944148,68;26.04.2023;4;Апрель;2023
Средний бизнес;Санкт-Петербург;Сударушка;Средняя;7005;97,37;136,11;953450,55;114414,07;839036,48;672147,8;166888,68;21.04.2022;4;Апрель;2022
Госсектор;Нижний Новгород;Победа;Высокая;2202;68,02;99,75;219649,5;48322,89;171326,61;143576,14;27750,47;09.03.2024;3;Март;2024
Средний бизнес;Екатеринбург;Сударушка;Низкая;7760;100,51;145,58;1129700,8;56485,04;1073215,76;764843,69;308372,07;28.02.2022;2;Февраль;2022
Госсектор;Краснодар;Красная Шапочка;Без скидки;8154;108,82;191,03;1557658,62;0;1557658,62;809846,28;747812,34;30.06.2024;6;Июнь;2024
Крупный бизнес;Казань;Победа;Без скидки;10839;76,12;152,85;1656741,15;0;1656741,15;769123,05;887618,1;29.12.2024;12;Декабрь;2024
Средний бизнес;Краснодар;Бабаевский;Средняя;1967;219,73;356,92;702061,64;84247,4;617814,24;393818,75;223995,49;14.09.2023;9;Сентябрь;2023
Госсектор;Москва;Победа;Средняя;6134;68,12;119,3;731786,2;87814,34;643971,86;402192,31;241779,55;04.10.2024;10;Октябрь;2024
Малый бизнес;Новосибирск;Аленка;Без скидки;5299;152,08;296,19;1569510,81;0;1569510,81;762181,95;807328,86;22.01.2023;1;Январь;2023
Малый бизнес;Нижний Новгород;Бабаевский;Средняя;3175;238,23;437,03;1387570,25;166508,43;1221061,82;740807,31;480254,51;28.03.2023;3;Март;2023
Средний бизнес;Санкт-Петербург;Бабаевский;Средняя;8964;224;455,27;4081040,28;489724,83;3591315,45;1961570,74;1629744,71;11.07.2023;7;Июль;2023
Средний бизнес;Новосибирск;Бабаевский;Средняя;1621;216,3;338,98;549486,58;65938,39;483548,19;335344,68;148203,51;16.07.2024;7;Июль;2024
Средний бизнес;Владивосток;Сударушка;Низкая;817;97,67;202,89;165761,13;8288,06;157473,07;70432,74;87040,33;29.07.2022;7;Июль;2022
Средний бизнес;Новосибирск;Сударушка;Без скидки;634;98,15;143,59;91036,06;0;91036,06;58445,53;32590,53;02.12.2023;12;Декабрь;2023
Малый бизнес;Новосибирск;Бабаевский;Низкая;8097;237,98;326,94;2647233,18;132361,66;2514871,52;1714243,23;800628,29;27.10.2022;10;Октябрь;2022
Госсектор;Новосибирск;Бабаевский;Высокая;9399;192,85;288,15;2708321,85;595830,81;2112491,04;1778130,1;334360,94;21.02.2024;2;Февраль;2024
Госсектор;Санкт-Петербург;Вдохновение;Средняя;6804;299,19;503,3;3424453,2;410934,38;3013518,82;1971593,64;1041925,18;10.03.2022;3;Март;2022
Крупный бизнес;Владивосток;Вдохновение;Высокая;9038;323,19;486,83;4399969,54;967993,3;3431976,24;2706867,24;725109;02.10.2023;10;Октябрь;2023
Средний бизнес;Казань;Вдохновение;Высокая;9504;336,42;518,08;4923832,32;1083243,11;3840589,21;3058642,94;781946,27;11.02.2023;2;Февраль;2023
Средний бизнес;Москва;Вдохновение;Средняя;2350;330,68;554,09;1302111,5;156253,38;1145858,12;685251,33;460606,79;20.07.2023;7;Июль;2023
Партнёрский канал;Санкт-Петербург;Бабаевский;Средняя;646;190;339,3;219187,8;26302,54;192885,26;118185,14;74700,12;14.11.2022;11;Ноябрь;2022
Средний бизнес;Санкт-Петербург;Сударушка;Средняя;8690;97,3;176,5;1533785;184054,2;1349730,8;838520,61;511210,19;03.05.2022;5;Май;2022
Госсектор;Краснодар;Вдохновение;Средняя;11990;295,04;422,07;5060619,3;607274,32;4453344,98;3320117,08;1133227,9;11.10.2023;10;Октябрь;2023
Партнёрский канал;Краснодар;Бабаевский;Средняя;849;186,9;302,52;256839,48;30820,74;226018,74;142202,21;83816,53;22.03.2022;3;Март;2022
Малый бизнес;Владивосток;Победа;Низкая;9392;84,99;126,83;1191187,36;59559,37;1131627,99;720315,39;411312,6;14.12.2023;12;Декабрь;2023
Средний бизнес;Владивосток;Красная Шапочка;Средняя;1628;120,98;204,1;332274,8;39872,98;292401,82;192687,46;99714,36;22.01.2024;1;Январь;2024
Малый бизнес;Москва;Вдохновение;Без скидки;3539;366,63;665,36;2354709,04;0;2354709,04;1198489,81;1156219,23;05.05.2023;5;Май;2023
Средний бизнес;Санкт-Петербург;Вдохновение;Без скидки;3610;336,49;579,83;2093186,3;0;2093186,3;1149347,5;943838,8;03.08.2023;8;Август;2023
Средний бизнес;Нижний Новгород;Вдохновение;Низкая;2309;327,86;604,63;1396090,67;69804,53;1326286,14;670162,17;656123,97;23.09.2022;9;Сентябрь;2022
Крупный бизнес;Москва;Сударушка;Высокая;8452;93,24;128,1;1082701,2;238194,26;844506,94;754185,75;90321,19;06.03.2024;3;Март;2024
Малый бизнес;Новосибирск;Аленка;Низкая;4116;152,16;213,5;878766;43938,3;834827,7;621045,58;213782,12;04.03.2023;3;Март;2023
Малый бизнес;Санкт-Петербург;Бабаевский;Высокая;6413;236,02;484,71;3108445,23;683857,95;2424587,28;1407514,93;1017072,35;26.01.2024;1;Январь;2024
Госсектор;Новосибирск;Победа;Высокая;1653;70,38;99,13;163861,89;36049,62;127812,27;105391,65;22420,62;29.11.2024;11;Ноябрь;2024
Госсектор;Санкт-Петербург;Вдохновение;Средняя;9210;292,37;437,05;4025230,5;483027,66;3542202,84;2581855,13;960347,71;02.01.2023;1;Январь;2023
Партнёрский канал;Нижний Новгород;Вдохновение;Высокая;10963;282,89;525,01;5755684,63;1266250,62;4489434,01;2990624,6;1498809,41;24.05.2024;5;Май;2024
Госсектор;Казань;Сударушка;Без скидки;8768;86,55;127,11;1114500,48;0;1114500,48;758727,75;355772,73;26.06.2024;6;Июнь;2024
Средний бизнес;Краснодар;Победа;Низкая;6590;78,34;142,97;942172,3;47108,62;895063,68;505490,68;389573;25.10.2023;10;Октябрь;2023
Партнёрский канал;Екатеринбург;Победа;Средняя;6645;67,05;137,09;910963,05;109315,57;801647,48;405666,63;395980,85;15.07.2024;7;Июль;2024
Малый бизнес;Нижний Новгород;Аленка;Высокая;5160;152,07;264,33;1363942,8;300067,42;1063875,38;784060,86;279814,52;11.09.2023;9;Сентябрь;2023
Госсектор;Новосибирск;Сударушка;Средняя;5659;84,89;166,93;944656,87;113358,82;831298,05;462505,72;368792,33;20.07.2023;7;Июль;2023
Партнёрский канал;Казань;Аленка;Высокая;8042;117,77;171,21;1376870,82;302911,58;1073959,24;875173,56;198785,68;27.05.2023;5;Май;2023
Крупный бизнес;Новосибирск;Красная Шапочка;Высокая;9846;114,31;233,01;2294216,46;504727,62;1789488,84;1089606,34;699882,5;27.10.2023;10;Октябрь;2023
Малый бизнес;Казань;Бабаевский;Высокая;10252;237,21;326,88;3351173,76;737258,23;2613915,53;2375946,04;237969,49;21.02.2024;2;Февраль;2024
Госсектор;Москва;Красная Шапочка;Низкая;7615;105,27;210,63;1603947,45;80197,37;1523750,08;789105,07;734645,01;10.04.2023;4;Апрель;2023
Партнёрский канал;Москва;Вдохновение;Без скидки;1386;278,3;384,3;532639,8;0;532639,8;364428,59;168211,21;03.11.2022;11;Ноябрь;2022
Средний бизнес;Екатеринбург;Сударушка;Высокая;11536;101,14;166,34;1918898,24;422157,61;1496740,63;1089131,7;407608,93;30.10.2024;10;Октябрь;2024
Госсектор;Екатеринбург;Бабаевский;Низкая;6960;189,12;302,99;2108810,4;105440,52;2003369,88;1233484,86;769885,02;11.04.2022;4;Апрель;2022
Партнёрский канал;Нижний Новгород;Красная Шапочка;Высокая;7029;101,21;195,37;1373255,73;302116,26;1071139,47;637166,43;433973,04;04.10.2022;10;Октябрь;2022
Малый бизнес;Екатеринбург;Бабаевский;Без скидки;11186;236,21;418,3;4679103,8;0;4679103,8;2641318,83;2037784,97;09.12.2024;12;Декабрь;2024
Крупный бизнес;Екатеринбург;Аленка;Низкая;7546;133,57;272,9;2059303,4;102965,17;1956338,23;897805,41;1058532,82;27.04.2024;4;Апрель;2024
Малый бизнес;Краснодар;Красная Шапочка;Средняя;5754;127,6;234,98;1352074,92;162248,99;1189825,93;713918,11;475907,82;13.12.2022;12;Декабрь;2022
Средний бизнес;Владивосток;Победа;Средняя;7716;76,6;150,41;1160563,56;139267,63;1021295,93;534282,9;487013,03;05.02.2024;2;Февраль;2024
Крупный бизнес;Санкт-Петербург;Аленка;Высокая;4482;138,64;283,53;1270781,46;279571,92;991209,54;611597,85;379611,69;13.08.2023;8;Август;2023
Госсектор;Краснодар;Вдохновение;Высокая;5499;293,52;401,26;2206528,74;485436,32;1721092,42;1460861,14;260231,28;10.03.2023;3;Март;2023
Крупный бизнес;Новосибирск;Победа;Без скидки;10707;76,03;110,7;1185264,9;0;1185264,9;784625,7;400639,2;07.02.2022;2;Февраль;2022
Малый бизнес;Москва;Красная Шапочка;Средняя;1484;127,13;246,87;366355,08;43962,61;322392,47;180011,91;142380,56;19.04.2022;4;Апрель;2022
Малый бизнес;Москва;Аленка;Без скидки;11319;149,13;296,63;3357554,97;0;3357554,97;1619152,3;1738402,67;09.08.2022;8;Август;2022
Госсектор;Новосибирск;Вдохновение;Без скидки;4287;302,88;524,41;2248145,67;0;2248145,67;1253212,13;994933,54;09.10.2023;10;Октябрь;2023
Малый бизнес;Санкт-Петербург;Сударушка;Средняя;8702;109,38;193,66;1685229,32;202227,52;1483001,8;918983,29;564018,51;23.03.2022;3;Март;2022
Крупный бизнес;Новосибирск;Красная Шапочка;Без скидки;6945;116,69;159,14;1105227,3;0;1105227,3;779711,5;325515,8;29.12.2023;12;Декабрь;2023
Средний бизнес;Екатеринбург;Победа;Низкая;1515;79,34;159,39;241475,85;12073,79;229402,06;118619,26;110782,8;02.03.2022;3;Март;2022
Партнёрский канал;Новосибирск;Сударушка;Средняя;6099;85,59;157,72;961934,28;115432,11;846502,17;464871,42;381630,75;22.02.2024;2;Февраль;2024
Партнёрский канал;Екатеринбург;Бабаевский;Средняя;9886;180,95;376;3717136;446056,32;3271079,68;1769495,08;1501584,6;06.11.2023;11;Ноябрь;2023
Малый бизнес;Казань;Сударушка;Средняя;10019;106,66;208;2083952;250074,24;1833877,76;1051005,44;782872,32;25.09.2023;9;Сентябрь;2023
Партнёрский канал;Казань;Бабаевский;Средняя;11251;189,6;386,37;4347048,87;521645,86;3825403,01;1958480,4;1866922,61;27.12.2024;12;Декабрь;2024
Госсектор;Казань;Красная Шапочка;Средняя;983;107,48;216,05;212377,15;25485,26;186891,89;98223,84;88668,05;22.04.2024;4;Апрель;2024
Средний бизнес;Владивосток;Вдохновение;Низкая;2989;341,63;488,56;1460305,84;73015,29;1387290,55;921234,29;466056,26;01.07.2023;7;Июль;2023
Партнёрский канал;Екатеринбург;Победа;Средняя;4283;66,74;108,08;462906,64;55548,8;407357,84;275150,14;132207,7;03.09.2024;9;Сентябрь;2024
Крупный бизнес;Владивосток;Вдохновение;Низкая;3514;326,76;561,56;1973321,84;98666,09;1874655,75;1029394,11;845261,64;31.01.2023;1;Январь;2023
Крупный бизнес;Москва;Бабаевский;Высокая;4921;215,67;327,15;1609905,15;354179,13;1255726,02;1019454,65;236271,37;20.02.2023;2;Февраль;2023
Крупный бизнес;Санкт-Петербург;Сударушка;Без скидки;10609;94,94;151,3;1605141,7;0;1605141,7;941653,97;663487,73;21.05.2023;5;Май;2023
Малый бизнес;Нижний Новгород;Аленка;Без скидки;5626;150,24;308,65;1736464,9;0;1736464,9;801831,54;934633,36;11.12.2024;12;Декабрь;2024
Госсектор;Санкт-Петербург;Бабаевский;Без скидки;1194;197,58;303,15;361961,1;0;361961,1;222827,94;139133,16;22.03.2022;3;Март;2022
Партнёрский канал;Нижний Новгород;Победа;Высокая;3610;65,17;107,43;387822,3;85320,91;302501,39;215630,12;86871,27;09.08.2023;8;Август;2023
Малый бизнес;Казань;Бабаевский;Низкая;10545;241,11;450,26;4747991,7;237399,59;4510592,11;2513116,33;1997475,78;07.08.2024;8;Август;2024
Малый бизнес;Санкт-Петербург;Вдохновение;Высокая;3445;364,39;748,23;2577652,35;567083,52;2010568,83;1209546,54;801022,29;05.10.2022;10;Октябрь;2022
Малый бизнес;Нижний Новгород;Красная Шапочка;Без скидки;908;126,32;226,46;205625,68;0;205625,68;110743,31;94882,37;18.02.2023;2;Февраль;2023
Малый бизнес;Санкт-Петербург;Красная Шапочка;Низкая;11833;129,95;244,77;2896363,41;144818,17;2751545,24;1383435,35;1368109,89;11.09.2022;9;Сентябрь;2022
Госсектор;Санкт-Петербург;Вдохновение;Без скидки;10888;291,98;508,88;5540685,44;0;5540685,44;2944114,11;2596571,33;13.11.2024;11;Ноябрь;2024
Партнёрский канал;Казань;Бабаевский;Без скидки;1219;187,77;381,96;465609,24;0;465609,24;216956,99;248652,25;04.11.2022;11;Ноябрь;2022
Крупный бизнес;Казань;Сударушка;Высокая;7374;93,91;178,21;1314120,54;289106,52;1025014,02;689248,66;335765,36;15.08.2023;8;Август;2023
Крупный бизнес;Санкт-Петербург;Сударушка;Средняя;557;95,7;147,36;82079,52;9849,54;72229,98;49842,06;22387,92;18.10.2024;10;Октябрь;2024
Партнёрский канал;Москва;Победа;Без скидки;4397;64,88;119,68;526232,96;0;526232,96;266577,03;259655,93;23.06.2024;6;Июнь;2024
Госсектор;Москва;Сударушка;Низкая;10654;88,07;173,07;1843887,78;92194,39;1751693,39;849081,15;902612,24;14.01.2023;1;Январь;2023
Крупный бизнес;Москва;Вдохновение;Низкая;1101;313,19;430,42;473892,42;23694,62;450197,8;327364,23;122833,57;04.09.2023;9;Сентябрь;2023
Средний бизнес;Санкт-Петербург;Аленка;Высокая;7331;145,95;214,69;1573892,39;346256,33;1227636,06;978077,39;249558,67;30.12.2022;12;Декабрь;2022
Малый бизнес;Краснодар;Аленка;Высокая;5403;149,59;302,64;1635163,92;359736,06;1275427,86;790802,58;484625,28;25.05.2024;5;Май;2024
Партнёрский канал;Санкт-Петербург;Красная Шапочка;Без скидки;2704;98,9;197,26;533391,04;0;533391,04;245899,18;287491,86;27.04.2024;4;Апрель;2024
Партнёрский канал;Екатеринбург;Вдохновение;Средняя;10527;274,14;487,56;5132544,12;615905,29;4516638,83;2878720,57;1637918,26;19.12.2024;12;Декабрь;2024
Госсектор;Владивосток;Вдохновение;Низкая;7496;296,32;470,37;3525893,52;176294,68;3349598,84;2094709,76;1254889,08;26.12.2023;12;Декабрь;2023
Крупный бизнес;Владивосток;Победа;Без скидки;8569;76,39;153,75;1317483,75;0;1317483,75;594315,96;723167,79;18.08.2023;8;Август;2023
Крупный бизнес;Москва;Аленка;Высокая;8116;136,02;195,66;1587976,56;349354,84;1238621,72;1083811,73;154809,99;29.04.2024;4;Апрель;2024
Малый бизнес;Москва;Красная Шапочка;Низкая;9681;131,17;197,97;1916547,57;95827,38;1820720,19;1215093,18;605627,01;31.07.2023;7;Июль;2023
Средний бизнес;Санкт-Петербург;Красная Шапочка;Низкая;8801;121,11;233,17;2052129,17;102606,46;1949522,71;952542,9;996979,81;14.11.2023;11;Ноябрь;2023
Средний бизнес;Нижний Новгород;Вдохновение;Высокая;3377;329,83;651,54;2200250,58;484055,13;1716195,45;1103447,8;612747,65;08.09.2024;9;Сентябрь;2024
Малый бизнес;Москва;Вдохновение;Средняя;8388;350,99;595,09;4991614,92;598993,79;4392621,13;2896488,89;1496132,24;18.11.2023;11;Ноябрь;2023
Малый бизнес;Нижний Новгород;Вдохновение;Высокая;9037;354,09;670,55;6059760,35;1333147,28;4726613,07;2937071,7;1789541,37;08.02.2022;2;Февраль;2022
Крупный бизнес;Краснодар;Красная Шапочка;Высокая;2946;113,49;155,86;459163,56;101015,98;358147,58;333684,31;24463,27;30.12.2024;12;Декабрь;2024
Крупный бизнес;Нижний Новгород;Сударушка;Высокая;5550;96,17;152,51;846430,5;186214,71;660215,79;471720,04;188495,75;27.04.2024;4;Апрель;2024
Госсектор;Владивосток;Сударушка;Низкая;7904;89,13;140,56;1110986,24;55549,31;1055436,93;664336,45;391100,48;25.12.2022;12;Декабрь;2022
Госсектор;Краснодар;Аленка;Средняя;2017;123,78;169,42;341720,14;41006,42;300713,72;234165;66548,72;21.10.2024;10;Октябрь;2024
Крупный бизнес;Екатеринбург;Красная Шапочка;Без скидки;9079;113,69;181,39;1646839,81;0;1646839,81;1003638,79;643201,02;21.07.2022;7;Июль;2022
Партнёрский канал;Казань;Сударушка;Высокая;8026;83,04;165,96;1331994,96;293038,89;1038956,07;595765,83;443190,24;29.09.2023;9;Сентябрь;2023
Госсектор;Санкт-Петербург;Красная Шапочка;Без скидки;1255;103,28;198,78;249468,9;0;249468,9;125658,77;123810,13;16.02.2022;2;Февраль;2022
Партнёрский канал;Новосибирск;Вдохновение;Средняя;5757;276,54;432,76;2491399,32;298967,92;2192431,4;1502684,46;689746,94;22.06.2024;6;Июнь;2024
Госсектор;Новосибирск;Сударушка;Средняя;4983;85,38;176,63;880147,29;105617,67;774529,62;402965,75;371563,87;29.07.2022;7;Июль;2022
Крупный бизнес;Краснодар;Победа;Низкая;4940;73,39;137,85;680979;34048,95;646930,05;331364,74;315565,31;17.05.2023;5;Май;2023
Крупный бизнес;Санкт-Петербург;Красная Шапочка;Низкая;9356;114,61;165,9;1552160,4;77608,02;1474552,38;1004188,09;470364,29;14.04.2022;4;Апрель;2022
Госсектор;Нижний Новгород;Аленка;Высокая;7487;123,39;231,79;1735411,73;381790,58;1353621,15;911767,94;441853,21;02.07.2024;7;Июль;2024
Партнёрский канал;Краснодар;Красная Шапочка;Низкая;3746;102,49;189,93;711477,78;35573,89;675903,89;362434,58;313469,31;11.08.2024;8;Август;2024
Партнёрский канал;Казань;Аленка;Без скидки;2093;118,48;220,77;462071,61;0;462071,61;239355,41;222716,2;11.08.2024;8;Август;2024
Малый бизнес;Екатеринбург;Сударушка;Средняя;10607;104,86;170,14;1804674,98;216561;1588113,98;1003252,15;584861,83;08.11.2023;11;Ноябрь;2023
Средний бизнес;Владивосток;Бабаевский;Высокая;1570;220,17;355,26;557758,2;122706,8;435051,4;323319,19;111732,21;16.12.2022;12;Декабрь;2022
Средний бизнес;Краснодар;Победа;Средняя;8822;76,87;150,91;1331328,02;159759,36;1171568,66;661607,76;509960,9;30.10.2023;10;Октябрь;2023
Партнёрский канал;Санкт-Петербург;Красная Шапочка;Без скидки;7066;101,75;155,57;1099257,62;0;1099257,62;653714,3;445543,32;22.11.2022;11;Ноябрь;2022
Малый бизнес;Нижний Новгород;Аленка;Низкая;3911;154,05;276,25;1080413,75;54020,69;1026393,06;586895,72;439497,34;10.06.2024;6;Июнь;2024
Партнёрский канал;Краснодар;Победа;Средняя;3335;66,64;93,86;313023,1;37562,77;275460,33;220400,57;55059,76;23.09.2024;9;Сентябрь;2024
Госсектор;Владивосток;Красная Шапочка;Высокая;7794;103,74;214,42;1671189,48;367661,69;1303527,79;718277,36;585250,43;11.08.2022;8;Август;2022
Партнёрский канал;Нижний Новгород;Красная Шапочка;Без скидки;11067;102,17;144,87;1603276,29;0;1603276,29;1105889,44;497386,85;01.01.2022;1;Январь;2022
Крупный бизнес;Казань;Бабаевский;Низкая;6889;211,46;356,39;2455170,71;122758,54;2332412,17;1317889,85;1014522,32;11.10.2023;10;Октябрь;2023
Средний бизнес;Новосибирск;Бабаевский;Низкая;1962;221,59;400,77;786310,74;39315,54;746995,2;409217,83;337777,37;19.09.2022;9;Сентябрь;2022
Средний бизнес;Москва;Красная Шапочка;Высокая;513;122,22;240,23;123237,99;27112,36;96125,63;57877,9;38247,73;01.08.2023;8;Август;2023
Госсектор;Екатеринбург;Бабаевский;Без скидки;10743;191,09;312,83;3360732,69;0;3360732,69;1900531,15;1460201,54;09.03.2023;3;Март;2023
Крупный бизнес;Владивосток;Сударушка;Средняя;9600;94,34;192,77;1850592;222071,04;1628520,96;888271,2;740249,76;12.11.2022;11;Ноябрь;2022
Средний бизнес;Казань;Сударушка;Высокая;1675;100,64;146,73;245772,75;54070;191702,75;166243,45;25459,3;13.06.2024;6;Июнь;2024
Крупный бизнес;Санкт-Петербург;Сударушка;Без скидки;7971;97,24;181,99;1450642,29;0;1450642,29;768618,13;682024,16;04.01.2023;1;Январь;2023
Малый бизнес;Нижний Новгород;Победа;Без скидки;6803;83,27;124,02;843708,06;0;843708,06;539605,37;304102,69;17.10.2024;10;Октябрь;2024
Крупный бизнес;Новосибирск;Бабаевский;Низкая;1048;216,03;383,69;402107,12;20105,36;382001,76;218381,71;163620,05;20.08.2022;8;Август;2022
Партнёрский канал;Владивосток;Вдохновение;Высокая;2827;285,49;498,12;1408185,24;309800,75;1098384,49;793458,39;304926,1;27.07.2023;7;Июль;2023
Малый бизнес;Санкт-Петербург;Победа;Высокая;4517;83,86;159,86;722087,62;158859,28;563228,34;376996,09;186232,25;09.06.2022;6;Июнь;2022
Партнёрский канал;Новосибирск;Победа;Высокая;6128;66,14;89,82;550416,96;121091,73;429325,23;378751,97;50573,26;18.08.2024;8;Август;2024
Партнёрский канал;Краснодар;Бабаевский;Низкая;5327;182,46;251,16;1337929,32;66896,47;1271032,85;962967,67;308065,18;15.09.2023;9;Сентябрь;2023
Партнёрский канал;Новосибирск;Аленка;Без скидки;9972;116,44;161,7;1612472,4;0;1612472,4;1159797,15;452675,25;25.02.2022;2;Февраль;2022
Средний бизнес;Владивосток;Аленка;Средняя;8783;138,15;267,71;2351296,93;282155,63;2069141,3;1104466,65;964674,65;30.07.2023;7;Июль;2023
Средний бизнес;Новосибирск;Аленка;Высокая;10393;138,98;249,31;2591078,83;570037,34;2021041,49;1297285,22;723756,27;03.07.2024;7;Июль;2024
Средний бизнес;Казань;Красная Шапочка;Средняя;8444;118,44;206,74;1745712,56;209485,51;1536227,05;884065,77;652161,28;22.06.2022;6;Июнь;2022
Крупный бизнес;Казань;Бабаевский;Без скидки;6777;206,7;347,28;2353516,56;0;2353516,56;1339883,39;1013633,17;08.03.2023;3;Март;2023
Партнёрский канал;Краснодар;Аленка;Низкая;2400;115,61;196,31;471144;23557,2;447586,8;260024,79;187562,01;02.09.2024;9;Сентябрь;2024
Партнёрский канал;Екатеринбург;Бабаевский;Без скидки;8275;182,17;318,4;2634760;0;2634760;1405203,12;1229556,88;15.08.2023;8;Август;2023
Малый бизнес;Нижний Новгород;Вдохновение;Низкая;9187;362,33;500,29;4596164,23;229808,21;4366356,02;3295856,06;1070499,96;26.12.2023;12;Декабрь;2023
Малый бизнес;Новосибирск;Красная Шапочка;Низкая;4875;131,14;202,15;985481,25;49274,06;936207,19;607406,84;328800,35;02.08.2024;8;Август;2024
Крупный бизнес;Екатеринбург;Победа;Низкая;11603;75,86;112,65;1307077,95;65353,9;1241724,05;832420,41;409303,64;18.01.2022;1;Январь;2022
Госсектор;Москва;Бабаевский;Высокая;9105;188,61;317,71;2892749,55;636404,9;2256344,65;1556435,05;699909,6;04.08.2023;8;Август;2023
Средний бизнес;Екатеринбург;Аленка;Высокая;10648;138,28;284,01;3024138,48;665310,47;2358828,01;1411731,53;947096,48;21.03.2023;3;Март;2023
Партнёрский канал;Санкт-Петербург;Вдохновение;Высокая;1915;287,62;416,31;797233,65;175391,4;621842,25;528081,68;93760,57;14.01.2023;1;Январь;2023
Госсектор;Казань;Красная Шапочка;Низкая;8150;106,82;150,27;1224700,5;61235,03;1163465,47;813484,29;349981,18;21.07.2023;7;Июль;2023
Малый бизнес;Краснодар;Красная Шапочка;Средняя;1712;127,08;177,5;303880;36465,6;267414,4;201598,7;65815,7;04.05.2022;5;Май;2022
Средний бизнес;Новосибирск;Сударушка;Без скидки;1637;99,7;204,03;333997,11;0;333997,11;155576,64;178420,47;01.01.2023;1;Январь;2023
Малый бизнес;Санкт-Петербург;Сударушка;Без скидки;4078;107,13;153,16;624586,48;0;624586,48;407600,98;216985,5;15.06.2023;6;Июнь;2023
Госсектор;Москва;Аленка;Высокая;9860;125,9;243,36;2399529,6;527896,51;1871633,09;1095204,42;776428,67;16.10.2024;10;Октябрь;2024
Крупный бизнес;Москва;Аленка;Без скидки;4865;132,18;211,14;1027196,1;0;1027196,1;596086,68;431109,42;08.01.2022;1;Январь;2022
Партнёрский канал;Владивосток;Бабаевский;Без скидки;7117;188,61;365,09;2598345,53;0;2598345,53;1307766,55;1290578,98;08.04.2023;4;Апрель;2023
Госсектор;Нижний Новгород;Вдохновение;Без скидки;2485;295,59;606,34;1506754,9;0;1506754,9;678033,05;828721,85;13.09.2023;9;Сентябрь;2023
Малый бизнес;Москва;Вдохновение;Высокая;6485;359,14;743,67;4822699,95;1060993,99;3761705,96;2072026,44;1689679,52;30.07.2024;7;Июль;2024
Средний бизнес;Екатеринбург;Сударушка;Высокая;6794;100,71;158,53;1077052,82;236951,62;840101,2;634147,16;205954,04;07.08.2022;8;Август;2022
Средний бизнес;Владивосток;Аленка;Без скидки;3604;138,69;207,32;747181,28;0;747181,28;483028,52;264152,76;04.05.2023;5;Май;2023
Малый бизнес;Нижний Новгород;Аленка;Низкая;8686;151,51;299,34;2600067,24;130003,36;2470063,88;1229049,42;1241014,46;03.02.2022;2;Февраль;2022
Госсектор;Краснодар;Аленка;Низкая;1201;123,5;186,33;223782,33;11189,12;212593,21;142162,44;70430,77;07.12.2024;12;Декабрь;2024
Малый бизнес;Казань;Вдохновение;Средняя;1680;348,44;507,4;852432;102291,84;750140,16;561062,42;189077,74;23.08.2024;8;Август;2024
Партнёрский канал;Москва;Сударушка;Средняя;735;81,96;113,72;83584,2;10030,1;73554,1;55233,43;18320,67;19.07.2022;7;Июль;2022
Малый бизнес;Казань;Победа;Высокая;2242;82,06;147,4;330470,8;72703,58;257767,22;175492,59;82274,63;10.05.2022;5;Май;2022
Крупный бизнес;Нижний Новгород;Красная Шапочка;Без скидки;5812;112,38;209,37;1216858,44;0;1216858,44;617559,78;599298,66;21.10.2023;10;Октябрь;2023
Крупный бизнес;Москва;Победа;Средняя;5996;73,03;113,59;681085,64;81730,28;599355,36;425147,97;174207,39;11.12.2022;12;Декабрь;2022
Средний бизнес;Казань;Бабаевский;Средняя;10035;214,42;305,54;3066093,9;367931,27;2698162,63;2112294,09;585868,54;10.02.2024;2;Февраль;2024
Крупный бизнес;Москва;Бабаевский;Высокая;604;203,79;416,67;251668,68;55367,11;196301,57;118757,52;77544,05;05.08.2023;8;Август;2023
Малый бизнес;Владивосток;Вдохновение;Средняя;3877;350,72;544,74;2111956,98;253434,84;1858522,14;1270066,89;588455,25;05.05.2023;5;Май;2023
Крупный бизнес;Москва;Победа;Средняя;8690;75,5;106,91;929047,9;111485,75;817562,15;642433,81;175128,34;09.09.2023;9;Сентябрь;2023
Средний бизнес;Нижний Новгород;Аленка;Средняя;3644;138,5;242,05;882030,2;105843,62;776186,58;449925,65;326260,93;12.01.2024;1;Январь;2024
Партнёрский канал;Екатеринбург;Бабаевский;Средняя;5028;179,84;257,98;1297123,44;155654,81;1141468,63;811918,58;329550,05;29.08.2024;8;Август;2024
Малый бизнес;Казань;Сударушка;Высокая;1385;107,32;167,83;232444,55;51137,8;181306,75;138554,67;42752,08;16.11.2023;11;Ноябрь;2023
Партнёрский канал;Владивосток;Аленка;Высокая;1359;121,83;180,54;245353,86;53977,85;191376,01;161305,12;30070,89;20.09.2024;9;Сентябрь;2024
Партнёрский канал;Санкт-Петербург;Аленка;Средняя;7787;119,46;190,48;1483267,76;177992,13;1305275,63;840793,08;464482,55;30.10.2023;10;Октябрь;2023
Крупный бизнес;Санкт-Петербург;Красная Шапочка;Средняя;2106;113,19;187,83;395569,98;47468,4;348101,58;215492,58;132609;28.03.2023;3;Март;2023
Госсектор;Владивосток;Победа;Без скидки;1390;70,62;103,01;143183,9;0;143183,9;97312,35;45871,55;20.07.2024;7;Июль;2024
Крупный бизнес;Нижний Новгород;Красная Шапочка;Средняя;7999;116,52;212,53;1700027,47;204003,3;1496024,17;929309,52;566714,65;19.02.2023;2;Февраль;2023
Средний бизнес;Казань;Аленка;Высокая;5097;138,66;275,76;1405548,72;309220,72;1096328;660832,1;435495,9;17.12.2022;12;Декабрь;2022
